date,bitcoin cash,isPartial
2018-01-21,42.0,False
2018-01-22,43.0,False
2018-01-23,42.0,False
2018-01-24,35.0,False
2018-01-25,46.0,False
2018-01-26,38.0,False
2018-01-27,39.0,False
2018-01-28,30.0,False
2018-01-29,34.0,False
2018-01-30,43.0,False
2018-01-31,33.0,False
2018-02-01,47.0,False
2018-02-02,40.0,False
2018-02-03,40.0,False
2018-02-04,38.0,False
2018-02-05,40.0,False
2018-02-06,45.0,False
2018-02-07,37.0,False
2018-02-08,100.0,False
2018-02-09,59.0,False
2018-02-10,38.0,False
2018-02-11,38.0,False
2018-02-12,36.0,False
2018-02-13,32.0,False
2018-02-14,32.0,False
2018-02-15,40.0,False
2018-02-16,48.0,False
2018-02-17,34.0,False
2018-02-18,38.0,False
2018-02-19,40.0,False
2018-02-20,46.0,False
2018-02-21,37.0,False
2018-02-22,27.0,False
2018-02-23,32.0,False
2018-02-24,25.0,False
2018-02-25,20.0,False
2018-02-26,22.0,False
2018-02-27,33.0,False
2018-02-28,21.0,False
2018-03-01,14.0,False
2018-03-02,25.0,False
2018-03-03,18.0,False
2018-03-04,19.0,False
2018-03-05,26.0,False
2018-03-06,19.0,False
2018-03-07,25.0,False
2018-03-08,24.0,False
2018-03-09,14.0,False
2018-03-10,15.0,False
2018-03-11,18.0,False
2018-03-12,28.0,False
2018-03-13,19.0,False
2018-03-14,24.0,False
2018-03-15,16.0,False
2018-03-16,20.0,False
2018-03-17,18.0,False
2018-03-18,19.0,False
2018-03-19,19.0,False
2018-03-20,19.0,False
2018-03-21,12.0,False
2018-03-22,14.0,False
2018-03-23,17.0,False
2018-03-24,18.0,False
2018-03-25,16.0,False
2018-03-26,15.0,False
2018-03-27,21.0,False
2018-03-28,22.0,False
2018-03-29,26.0,False
2018-03-30,14.0,False
2018-03-31,18.0,False
2018-04-01,19.0,False
2018-04-02,20.0,False
2018-04-03,20.0,False
2018-04-04,17.0,False
2018-04-05,16.0,False
2018-04-06,22.0,False
2018-04-07,18.0,False
2018-04-08,13.0,False
2018-04-09,18.0,False
2018-04-10,14.0,False
2018-04-11,15.0,False
2018-04-12,17.0,False
2018-04-13,24.0,False
2018-04-14,12.0,False
2018-04-15,22.0,False
2018-04-16,15.0,False
2018-04-17,14.0,False
2018-04-18,32.0,False
2018-04-19,28.0,False
2018-04-20,33.0,False
2018-04-21,29.0,False
2018-04-22,36.0,False
2018-04-23,80.0,False
2018-04-24,64.0,False
2018-04-25,34.0,False
2018-04-26,32.0,False
2018-04-27,29.0,False
2018-04-28,26.0,False
2018-04-29,27.0,False
2018-04-30,18.0,False
2018-05-01,24.0,False
2018-05-02,27.0,False
2018-05-03,21.0,False
2018-05-04,24.0,False
2018-05-05,44.0,False
2018-05-06,32.0,False
2018-05-07,27.0,False
2018-05-08,18.0,False
2018-05-09,21.0,False
2018-05-10,21.0,False
2018-05-11,27.0,False
2018-05-12,26.0,False
2018-05-13,22.0,False
2018-05-14,28.0,False
2018-05-15,27.0,False
2018-05-16,31.0,False
2018-05-17,23.0,False
2018-05-18,26.0,False
2018-05-19,22.0,False
2018-05-20,23.0,False
2018-05-21,14.0,False
2018-05-22,20.0,False
2018-05-23,18.0,False
2018-05-24,17.0,False
2018-05-25,19.0,False
2018-05-26,12.0,False
2018-05-27,19.0,False
2018-05-28,22.0,False
2018-05-29,21.0,False
2018-05-30,17.0,False
2018-05-31,17.0,False
2018-06-01,14.0,False
2018-06-02,16.0,False
2018-06-03,19.0,False
2018-06-04,20.0,False
2018-06-05,13.0,False
2018-06-06,15.0,False
2018-06-07,18.0,False
2018-06-08,16.0,False
2018-06-09,16.0,False
2018-06-10,26.0,False
2018-06-11,14.0,False
2018-06-12,18.0,False
2018-06-13,23.0,False
2018-06-14,14.0,False
2018-06-15,12.0,False
2018-06-16,12.0,False
2018-06-17,12.0,False
2018-06-18,13.0,False
2018-06-19,15.0,False
2018-06-20,12.0,False
2018-06-21,16.0,False
2018-06-22,11.0,False
2018-06-23,12.0,False
2018-06-24,13.0,False
2018-06-25,15.0,False
2018-06-26,20.0,False
2018-06-27,14.0,False
2018-06-28,11.0,False
2018-06-29,15.0,False
2018-06-30,13.0,False
2018-07-01,14.0,False
2018-07-02,15.0,False
2018-07-03,10.0,False
2018-07-04,13.0,False
2018-07-05,11.0,False
2018-07-06,12.0,False
2018-07-07,10.0,False
2018-07-08,13.0,False
2018-07-09,16.0,False
2018-07-10,16.0,False
2018-07-11,14.0,False
2018-07-12,14.0,False
2018-07-13,18.0,False
2018-07-14,14.0,False
2018-07-15,14.0,False
2018-07-16,19.0,False
2018-07-17,19.0,False
2018-07-18,13.0,False
2018-07-19,24.0,False
2018-07-20,12.0,False
2018-07-21,5.6000000000000005,False
2018-07-22,16.0,False
2018-07-23,8.8,False
2018-07-24,16.8,False
2018-07-25,18.400000000000002,False
2018-07-26,16.8,False
2018-07-27,16.8,False
2018-07-28,15.200000000000001,False
2018-07-29,16.8,False
2018-07-30,4.0,False
2018-07-31,16.0,False
2018-08-01,11.200000000000001,False
2018-08-02,12.8,False
2018-08-03,9.600000000000001,False
2018-08-04,12.0,False
2018-08-05,13.600000000000001,False
2018-08-06,14.4,False
2018-08-07,15.200000000000001,False
2018-08-08,10.4,False
2018-08-09,12.8,False
2018-08-10,15.200000000000001,False
2018-08-11,14.4,False
2018-08-12,16.8,False
2018-08-13,11.200000000000001,False
2018-08-14,20.8,False
2018-08-15,19.200000000000003,False
2018-08-16,24.0,False
2018-08-17,18.400000000000002,False
2018-08-18,11.200000000000001,False
2018-08-19,19.200000000000003,False
2018-08-20,14.4,False
2018-08-21,10.4,False
2018-08-22,9.600000000000001,False
2018-08-23,16.0,False
2018-08-24,13.600000000000001,False
2018-08-25,7.2,False
2018-08-26,19.200000000000003,False
2018-08-27,14.4,False
2018-08-28,12.8,False
2018-08-29,18.400000000000002,False
2018-08-30,15.200000000000001,False
2018-08-31,14.4,False
2018-09-01,15.200000000000001,False
2018-09-02,19.200000000000003,False
2018-09-03,15.200000000000001,False
2018-09-04,16.8,False
2018-09-05,16.8,False
2018-09-06,11.200000000000001,False
2018-09-07,9.600000000000001,False
2018-09-08,10.4,False
2018-09-09,12.0,False
2018-09-10,7.2,False
2018-09-11,13.600000000000001,False
2018-09-12,16.8,False
2018-09-13,15.200000000000001,False
2018-09-14,10.4,False
2018-09-15,13.600000000000001,False
2018-09-16,20.0,False
2018-09-17,11.200000000000001,False
2018-09-18,9.600000000000001,False
2018-09-19,11.200000000000001,False
2018-09-20,8.8,False
2018-09-21,12.0,False
2018-09-22,12.8,False
2018-09-23,11.200000000000001,False
2018-09-24,15.200000000000001,False
2018-09-25,14.4,False
2018-09-26,27.200000000000003,False
2018-09-27,24.0,False
2018-09-28,15.200000000000001,False
2018-09-29,12.0,False
2018-09-30,15.200000000000001,False
2018-10-01,12.8,False
2018-10-02,14.4,False
2018-10-03,8.0,False
2018-10-04,14.4,False
2018-10-05,8.8,False
2018-10-06,12.0,False
2018-10-07,12.0,False
2018-10-08,12.8,False
2018-10-09,11.200000000000001,False
2018-10-10,16.0,False
2018-10-11,12.0,False
2018-10-12,9.600000000000001,False
2018-10-13,12.0,False
2018-10-14,7.2,False
2018-10-15,16.8,False
2018-10-16,9.600000000000001,False
2018-10-17,11.200000000000001,False
2018-10-18,9.600000000000001,False
2018-10-19,9.600000000000001,False
2018-10-20,9.600000000000001,False
2018-10-21,11.200000000000001,False
2018-10-22,7.2,False
2018-10-23,11.200000000000001,False
2018-10-24,13.600000000000001,False
2018-10-25,10.4,False
2018-10-26,9.600000000000001,False
2018-10-27,10.4,False
2018-10-28,10.4,False
2018-10-29,7.2,False
2018-10-30,10.4,False
2018-10-31,9.600000000000001,False
2018-11-01,12.0,False
2018-11-02,17.6,False
2018-11-03,12.0,False
2018-11-04,51.2,False
2018-11-05,28.0,False
2018-11-06,33.6,False
2018-11-07,33.6,False
2018-11-08,24.0,False
2018-11-09,24.8,False
2018-11-10,16.0,False
2018-11-11,23.200000000000003,False
2018-11-12,26.400000000000002,False
2018-11-13,33.6,False
2018-11-14,43.2,False
2018-11-15,80.0,False
2018-11-16,54.400000000000006,False
2018-11-17,44.800000000000004,False
2018-11-18,36.800000000000004,False
2018-11-19,44.800000000000004,False
2018-11-20,31.200000000000003,False
2018-11-21,30.400000000000002,False
2018-11-22,24.0,False
2018-11-23,16.0,False
2018-11-24,16.0,False
2018-11-25,24.8,False
2018-11-26,24.8,False
2018-11-27,25.6,False
2018-11-28,12.8,False
2018-11-29,15.200000000000001,False
2018-11-30,16.8,False
2018-12-01,16.0,False
2018-12-02,9.600000000000001,False
2018-12-03,13.600000000000001,False
2018-12-04,17.6,False
2018-12-05,16.8,False
2018-12-06,16.0,False
2018-12-07,21.6,False
2018-12-08,16.8,False
2018-12-09,12.0,False
2018-12-10,12.0,False
2018-12-11,12.0,False
2018-12-12,15.200000000000001,False
2018-12-13,9.600000000000001,False
2018-12-14,16.8,False
2018-12-15,14.4,False
2018-12-16,12.0,False
2018-12-17,16.0,False
2018-12-18,20.0,False
2018-12-19,24.8,False
2018-12-20,51.2,False
2018-12-21,36.0,False
2018-12-22,29.6,False
2018-12-23,25.6,False
2018-12-24,15.200000000000001,False
2018-12-25,17.6,False
2018-12-26,13.600000000000001,False
2018-12-27,10.4,False
2018-12-28,15.200000000000001,False
2018-12-29,10.4,False
2018-12-30,14.4,False
2018-12-31,15.200000000000001,False
2019-01-01,10.4,False
2019-01-02,14.4,False
2019-01-03,12.0,False
2019-01-04,8.8,False
2019-01-05,8.8,False
2019-01-06,15.200000000000001,False
2019-01-07,14.4,False
2019-01-08,9.600000000000001,False
2019-01-09,13.600000000000001,False
2019-01-10,16.0,False
2019-01-11,9.600000000000001,False
2019-01-12,13.600000000000001,False
2019-01-13,20.0,False
2019-01-14,11.200000000000001,False
2019-01-15,12.0,False
2019-01-16,7.2,False
2019-01-17,5.213793103448276,False
2019-01-18,4.7172413793103445,False
2019-01-19,5.462068965517242,False
2019-01-20,5.710344827586207,False
2019-01-21,3.7241379310344827,False
2019-01-22,5.462068965517242,False
2019-01-23,5.958620689655172,False
2019-01-24,4.7172413793103445,False
2019-01-25,4.9655172413793105,False
2019-01-26,5.213793103448276,False
2019-01-27,5.462068965517242,False
2019-01-28,7.944827586206896,False
2019-01-29,3.475862068965517,False
2019-01-30,4.220689655172413,False
2019-01-31,4.468965517241379,False
2019-02-01,6.206896551724138,False
2019-02-02,5.462068965517242,False
2019-02-03,4.220689655172413,False
2019-02-04,5.213793103448276,False
2019-02-05,4.468965517241379,False
2019-02-06,4.7172413793103445,False
2019-02-07,5.958620689655172,False
2019-02-08,3.7241379310344827,False
2019-02-09,6.951724137931034,False
2019-02-10,8.441379310344827,False
2019-02-11,4.468965517241379,False
2019-02-12,2.731034482758621,False
2019-02-13,3.972413793103448,False
2019-02-14,4.7172413793103445,False
2019-02-15,5.213793103448276,False
2019-02-16,6.951724137931034,False
2019-02-17,3.2275862068965515,False
2019-02-18,6.951724137931034,False
2019-02-19,7.448275862068965,False
2019-02-20,7.2,False
2019-02-21,7.2,False
2019-02-22,3.972413793103448,False
2019-02-23,5.462068965517242,False
2019-02-24,3.7241379310344827,False
2019-02-25,6.455172413793103,False
2019-02-26,6.703448275862069,False
2019-02-27,5.710344827586207,False
2019-02-28,5.462068965517242,False
2019-03-01,3.972413793103448,False
2019-03-02,3.7241379310344827,False
2019-03-03,3.972413793103448,False
2019-03-04,4.7172413793103445,False
2019-03-05,2.731034482758621,False
2019-03-06,6.455172413793103,False
2019-03-07,5.958620689655172,False
2019-03-08,5.213793103448276,False
2019-03-09,9.434482758620689,False
2019-03-10,3.972413793103448,False
2019-03-11,4.9655172413793105,False
2019-03-12,6.951724137931034,False
2019-03-13,5.462068965517242,False
2019-03-14,5.462068965517242,False
2019-03-15,4.7172413793103445,False
2019-03-16,9.682758620689656,False
2019-03-17,6.951724137931034,False
2019-03-18,6.206896551724138,False
2019-03-19,5.958620689655172,False
2019-03-20,3.2275862068965515,False
2019-03-21,6.703448275862069,False
2019-03-22,4.7172413793103445,False
2019-03-23,6.951724137931034,False
2019-03-24,5.958620689655172,False
2019-03-25,5.710344827586207,False
2019-03-26,4.9655172413793105,False
2019-03-27,6.951724137931034,False
2019-03-28,4.7172413793103445,False
2019-03-29,4.7172413793103445,False
2019-03-30,2.731034482758621,False
2019-03-31,4.468965517241379,False
2019-04-01,1.986206896551724,False
2019-04-02,12.16551724137931,False
2019-04-03,24.82758620689655,False
2019-04-04,14.151724137931033,False
2019-04-05,8.441379310344827,False
2019-04-06,13.158620689655173,False
2019-04-07,5.710344827586207,False
2019-04-08,8.441379310344827,False
2019-04-09,12.16551724137931,False
2019-04-10,6.703448275862069,False
2019-04-11,9.434482758620689,False
2019-04-12,8.193103448275862,False
2019-04-13,7.696551724137931,False
2019-04-14,6.703448275862069,False
2019-04-15,12.16551724137931,False
2019-04-16,10.427586206896551,False
2019-04-17,13.655172413793103,False
2019-04-18,5.958620689655172,False
2019-04-19,8.441379310344827,False
2019-04-20,5.958620689655172,False
2019-04-21,4.7172413793103445,False
2019-04-22,6.951724137931034,False
2019-04-23,9.931034482758621,False
2019-04-24,9.434482758620689,False
2019-04-25,6.206896551724138,False
2019-04-26,6.951724137931034,False
2019-04-27,10.675862068965516,False
2019-04-28,6.703448275862069,False
2019-04-29,8.193103448275862,False
2019-04-30,8.689655172413794,False
2019-05-01,6.206896551724138,False
2019-05-02,6.206896551724138,False
2019-05-03,6.206896551724138,False
2019-05-04,10.179310344827586,False
2019-05-05,9.682758620689656,False
2019-05-06,4.468965517241379,False
2019-05-07,6.703448275862069,False
2019-05-08,9.682758620689656,False
2019-05-09,9.682758620689656,False
2019-05-10,7.2,False
2019-05-11,13.406896551724138,False
2019-05-12,15.393103448275863,False
2019-05-13,12.16551724137931,False
2019-05-14,14.648275862068965,False
2019-05-15,14.151724137931033,False
2019-05-16,12.16551724137931,False
2019-05-17,7.448275862068965,False
2019-05-18,8.937931034482759,False
2019-05-19,12.413793103448276,False
2019-05-20,9.682758620689656,False
2019-05-21,8.193103448275862,False
2019-05-22,10.924137931034483,False
2019-05-23,9.931034482758621,False
2019-05-24,8.689655172413794,False
2019-05-25,9.434482758620689,False
2019-05-26,11.668965517241379,False
2019-05-27,10.675862068965516,False
2019-05-28,10.179310344827586,False
2019-05-29,9.682758620689656,False
2019-05-30,8.937931034482759,False
2019-05-31,6.703448275862069,False
2019-06-01,6.455172413793103,False
2019-06-02,8.689655172413794,False
2019-06-03,7.448275862068965,False
2019-06-04,8.689655172413794,False
2019-06-05,7.944827586206896,False
2019-06-06,6.703448275862069,False
2019-06-07,6.703448275862069,False
2019-06-08,6.206896551724138,False
2019-06-09,5.462068965517242,False
2019-06-10,6.951724137931034,False
2019-06-11,8.441379310344827,False
2019-06-12,7.696551724137931,False
2019-06-13,5.958620689655172,False
2019-06-14,6.703448275862069,False
2019-06-15,6.951724137931034,False
2019-06-16,8.441379310344827,False
2019-06-17,8.689655172413794,False
2019-06-18,9.186206896551724,False
2019-06-19,7.696551724137931,False
2019-06-20,8.441379310344827,False
2019-06-21,9.682758620689656,False
2019-06-22,14.151724137931033,False
2019-06-23,11.172413793103448,False
2019-06-24,6.703448275862069,False
2019-06-25,16.137931034482758,False
2019-06-26,16.882758620689653,False
2019-06-27,14.151724137931033,False
2019-06-28,9.186206896551724,False
2019-06-29,9.931034482758621,False
2019-06-30,8.193103448275862,False
2019-07-01,8.441379310344827,False
2019-07-02,6.951724137931034,False
2019-07-03,9.434482758620689,False
2019-07-04,5.462068965517242,False
2019-07-05,5.213793103448276,False
2019-07-06,7.696551724137931,False
2019-07-07,5.958620689655172,False
2019-07-08,7.696551724137931,False
2019-07-09,8.441379310344827,False
2019-07-10,4.7172413793103445,False
2019-07-11,8.193103448275862,False
2019-07-12,8.193103448275862,False
2019-07-13,3.475862068965517,False
2019-07-14,6.951724137931034,False
2019-07-15,8.193103448275862,False
2019-07-16,9.257142857142856,False
2019-07-17,6.809852216748768,False
2019-07-18,10.64039408866995,False
2019-07-19,6.38423645320197,False
2019-07-20,7.767487684729063,False
2019-07-21,7.341871921182265,False
2019-07-22,5.4266009852216746,False
2019-07-23,5.320197044334975,False
2019-07-24,5.852216748768472,False
2019-07-25,5.852216748768472,False
2019-07-26,7.0226600985221665,False
2019-07-27,7.341871921182265,False
2019-07-28,5.745812807881773,False
2019-07-29,3.5113300492610833,False
2019-07-30,8.29950738916256,False
2019-07-31,5.107389162561576,False
2019-08-01,8.40591133004926,False
2019-08-02,7.0226600985221665,False
2019-08-03,6.916256157635467,False
2019-08-04,5.107389162561576,False
2019-08-05,7.0226600985221665,False
2019-08-06,7.980295566502462,False
2019-08-07,7.980295566502462,False
2019-08-08,5.107389162561576,False
2019-08-09,4.894581280788176,False
2019-08-10,4.681773399014777,False
2019-08-11,6.916256157635467,False
2019-08-12,6.490640394088669,False
2019-08-13,9.682758620689654,False
2019-08-14,6.27783251231527,False
2019-08-15,8.086699507389161,False
2019-08-16,4.575369458128078,False
2019-08-17,5.745812807881773,False
2019-08-18,8.193103448275862,False
2019-08-19,5.213793103448276,False
2019-08-20,6.27783251231527,False
2019-08-21,6.809852216748768,False
2019-08-22,7.767487684729063,False
2019-08-23,4.14975369458128,False
2019-08-24,4.681773399014777,False
2019-08-25,3.192118226600985,False
2019-08-26,6.490640394088669,False
2019-08-27,5.852216748768472,False
2019-08-28,5.852216748768472,False
2019-08-29,5.213793103448276,False
2019-08-30,4.362561576354679,False
2019-08-31,9.682758620689654,False
2019-09-01,5.852216748768472,False
2019-09-02,5.852216748768472,False
2019-09-03,6.490640394088669,False
2019-09-04,6.27783251231527,False
2019-09-05,3.2985221674876843,False
2019-09-06,7.980295566502462,False
2019-09-07,5.958620689655172,False
2019-09-08,4.4689655172413785,False
2019-09-09,3.2985221674876843,False
2019-09-10,5.320197044334975,False
2019-09-11,4.4689655172413785,False
2019-09-12,5.6394088669950735,False
2019-09-13,4.894581280788176,False
2019-09-14,4.4689655172413785,False
2019-09-15,4.788177339901477,False
2019-09-16,2.979310344827586,False
2019-09-17,7.0226600985221665,False
2019-09-18,6.27783251231527,False
2019-09-19,7.554679802955664,False
2019-09-20,4.043349753694581,False
2019-09-21,4.788177339901477,False
2019-09-22,7.129064039408866,False
2019-09-23,4.894581280788176,False
2019-09-24,8.512315270935959,False
2019-09-25,7.341871921182265,False
2019-09-26,3.8305418719211817,False
2019-09-27,5.213793103448276,False
2019-09-28,8.193103448275862,False
2019-09-29,4.362561576354679,False
2019-09-30,5.745812807881773,False
2019-10-01,6.703448275862068,False
2019-10-02,3.724137931034482,False
2019-10-03,5.958620689655172,False
2019-10-04,8.831527093596058,False
2019-10-05,4.362561576354679,False
2019-10-06,5.320197044334975,False
2019-10-07,4.14975369458128,False
2019-10-08,6.490640394088669,False
2019-10-09,3.6177339901477827,False
2019-10-10,4.681773399014777,False
2019-10-11,4.4689655172413785,False
2019-10-12,6.38423645320197,False
2019-10-13,4.043349753694581,False
2019-10-14,4.4689655172413785,False
2019-10-15,5.852216748768472,False
2019-10-16,5.000985221674876,False
2019-10-17,5.958620689655172,False
2019-10-18,6.065024630541871,False
2019-10-19,6.27783251231527,False
2019-10-20,4.2561576354679795,False
2019-10-21,3.5113300492610833,False
2019-10-22,7.0226600985221665,False
2019-10-23,5.745812807881773,False
2019-10-24,7.2354679802955655,False
2019-10-25,7.873891625615762,False
2019-10-26,6.38423645320197,False
2019-10-27,7.661083743842363,False
2019-10-28,6.27783251231527,False
2019-10-29,6.38423645320197,False
2019-10-30,7.448275862068964,False
2019-10-31,5.4266009852216746,False
2019-11-01,5.852216748768472,False
2019-11-02,6.809852216748768,False
2019-11-03,5.213793103448276,False
2019-11-04,6.38423645320197,False
2019-11-05,7.129064039408866,False
2019-11-06,8.61871921182266,False
2019-11-07,8.725123152709358,False
2019-11-08,8.086699507389161,False
2019-11-09,5.958620689655172,False
2019-11-10,4.2561576354679795,False
2019-11-11,5.852216748768472,False
2019-11-12,5.745812807881773,False
2019-11-13,5.745812807881773,False
2019-11-14,4.362561576354679,False
2019-11-15,6.916256157635467,False
2019-11-16,4.362561576354679,False
2019-11-17,5.320197044334975,False
2019-11-18,5.213793103448276,False
2019-11-19,3.724137931034482,False
2019-11-20,7.661083743842363,False
2019-11-21,5.533004926108374,False
2019-11-22,4.894581280788176,False
2019-11-23,6.27783251231527,False
2019-11-24,5.533004926108374,False
2019-11-25,5.4266009852216746,False
2019-11-26,5.213793103448276,False
2019-11-27,5.213793103448276,False
2019-11-28,7.0226600985221665,False
2019-11-29,5.000985221674876,False
2019-11-30,7.129064039408866,False
2019-12-01,5.107389162561576,False
2019-12-02,5.4266009852216746,False
2019-12-03,3.404926108374384,False
2019-12-04,2.8729064039408865,False
2019-12-05,4.681773399014777,False
2019-12-06,6.38423645320197,False
2019-12-07,7.0226600985221665,False
2019-12-08,2.0216748768472903,False
2019-12-09,4.362561576354679,False
2019-12-10,6.490640394088669,False
2019-12-11,5.213793103448276,False
2019-12-12,4.4689655172413785,False
2019-12-13,4.2561576354679795,False
2019-12-14,7.341871921182265,False
2019-12-15,5.958620689655172,False
2019-12-16,7.554679802955664,False
2019-12-17,8.512315270935959,False
2019-12-18,4.681773399014777,False
2019-12-19,5.107389162561576,False
2019-12-20,5.745812807881773,False
2019-12-21,5.4266009852216746,False
2019-12-22,4.681773399014777,False
2019-12-23,6.916256157635467,False
2019-12-24,4.788177339901477,False
2019-12-25,3.2985221674876843,False
2019-12-26,5.852216748768472,False
2019-12-27,5.4266009852216746,False
2019-12-28,7.129064039408866,False
2019-12-29,6.703448275862068,False
2019-12-30,5.958620689655172,False
2019-12-31,7.661083743842363,False
2020-01-01,4.894581280788176,False
2020-01-02,5.4266009852216746,False
2020-01-03,5.320197044334975,False
2020-01-04,6.38423645320197,False
2020-01-05,7.448275862068964,False
2020-01-06,8.086699507389161,False
2020-01-07,10.427586206896551,False
2020-01-08,5.6394088669950735,False
2020-01-09,5.958620689655172,False
2020-01-10,7.554679802955664,False
2020-01-11,7.767487684729063,False
2020-01-12,5.910044977511244,False
2020-01-13,5.74118654958235,False
2020-01-14,13.170957378453627,False
2020-01-15,8.105204540586847,False
2020-01-16,7.092053973013492,False
2020-01-17,9.118355108160204,False
2020-01-18,7.429770828871277,False
2020-01-19,7.092053973013492,False
2020-01-20,10.13150567573356,False
2020-01-21,7.429770828871277,False
2020-01-22,6.585478689226814,False
2020-01-23,8.105204540586847,False
2020-01-24,7.429770828871277,False
2020-01-25,7.429770828871277,False
2020-01-26,6.247761833369029,False
2020-01-27,7.767487684729063,False
2020-01-28,7.092053973013492,False
2020-01-29,9.624930391946881,False
2020-01-30,6.247761833369029,False
2020-01-31,7.092053973013492,False
2020-02-01,6.9231955450845994,False
2020-02-02,6.9231955450845994,False
2020-02-03,5.74118654958235,False
2020-02-04,7.767487684729063,False
2020-02-05,10.300364103662453,False
2020-02-06,8.274062968515741,False
2020-02-07,8.949496680231311,False
2020-02-08,7.767487684729063,False
2020-02-09,6.416620261297921,False
2020-02-10,7.429770828871277,False
2020-02-11,8.780638252302419,False
2020-02-12,10.638080959520238,False
2020-02-13,8.611779824373526,False
2020-02-14,8.780638252302419,False
2020-02-15,7.767487684729063,False
2020-02-16,9.962647247804668,False
2020-02-17,8.442921396444634,False
2020-02-18,10.469222531591345,False
2020-02-19,10.300364103662453,False
2020-02-20,6.9231955450845994,False
2020-02-21,6.754337117155707,False
2020-02-22,4.728035982008994,False
2020-02-23,7.936346112657955,False
2020-02-24,6.416620261297921,False
2020-02-25,6.247761833369029,False
2020-02-26,7.598629256800169,False
2020-02-27,7.092053973013492,False
2020-02-28,8.949496680231311,False
2020-02-29,8.780638252302419,False
2020-03-01,6.247761833369029,False
2020-03-02,7.260912400942384,False
2020-03-03,10.300364103662453,False
2020-03-04,6.416620261297921,False
2020-03-05,8.105204540586847,False
2020-03-06,5.910044977511244,False
2020-03-07,5.403469693724565,False
2020-03-08,5.74118654958235,False
2020-03-09,4.559177554080102,False
2020-03-10,8.611779824373526,False
2020-03-11,6.9231955450845994,False
2020-03-12,13.002098950524735,False
2020-03-13,12.326665238809165,False
2020-03-14,11.4823730991647,False
2020-03-15,9.118355108160204,False
2020-03-16,7.767487684729063,False
2020-03-17,6.9231955450845994,False
2020-03-18,5.06575283786678,False
2020-03-19,8.780638252302419,False
2020-03-20,8.105204540586847,False
2020-03-21,9.962647247804668,False
2020-03-22,7.598629256800169,False
2020-03-23,8.442921396444634,False
2020-03-24,6.078903405440136,False
2020-03-25,7.429770828871277,False
2020-03-26,4.0526022702934235,False
2020-03-27,7.260912400942384,False
2020-03-28,9.962647247804668,False
2020-03-29,5.403469693724565,False
2020-03-30,6.9231955450845994,False
2020-03-31,7.936346112657955,False
2020-04-01,5.910044977511244,False
2020-04-02,7.260912400942384,False
2020-04-03,5.403469693724565,False
2020-04-04,6.9231955450845994,False
2020-04-05,9.624930391946881,False
2020-04-06,7.598629256800169,False
2020-04-07,11.4823730991647,False
2020-04-08,16.885842792889267,False
2020-04-09,11.144656243306915,False
2020-04-10,9.118355108160204,False
2020-04-11,9.962647247804668,False
2020-04-12,9.287213536089096,False
2020-04-13,9.118355108160204,False
2020-04-14,7.429770828871277,False
2020-04-15,7.598629256800169,False
2020-04-16,10.975797815378023,False
2020-04-17,7.936346112657955,False
2020-04-18,7.767487684729063,False
2020-04-19,9.287213536089096,False
2020-04-20,7.767487684729063,False
2020-04-21,10.975797815378023,False
2020-04-22,6.754337117155707,False
2020-04-23,7.092053973013492,False
2020-04-24,6.9231955450845994,False
2020-04-25,8.780638252302419,False
2020-04-26,5.910044977511244,False
2020-04-27,7.260912400942384,False
2020-04-28,8.611779824373526,False
2020-04-29,9.962647247804668,False
2020-04-30,7.429770828871277,False
2020-05-01,7.598629256800169,False
2020-05-02,8.274062968515741,False
2020-05-03,8.949496680231311,False
2020-05-04,9.793788819875774,False
2020-05-05,7.429770828871277,False
2020-05-06,8.780638252302419,False
2020-05-07,8.611779824373526,False
2020-05-08,11.144656243306915,False
2020-05-09,13.846391090169199,False
2020-05-10,9.118355108160204,False
2020-05-11,10.469222531591345,False
2020-05-12,9.793788819875774,False
2020-05-13,9.118355108160204,False
2020-05-14,10.300364103662453,False
2020-05-15,6.9231955450845994,False
2020-05-16,8.611779824373526,False
2020-05-17,7.936346112657955,False
2020-05-18,10.80693938744913,False
2020-05-19,8.611779824373526,False
2020-05-20,8.949496680231311,False
2020-05-21,5.572328121653458,False
2020-05-22,7.260912400942384,False
2020-05-23,8.105204540586847,False
2020-05-24,7.092053973013492,False
2020-05-25,6.416620261297921,False
2020-05-26,5.572328121653458,False
2020-05-27,7.767487684729063,False
2020-05-28,8.274062968515741,False
2020-05-29,6.754337117155707,False
2020-05-30,6.585478689226814,False
2020-05-31,4.221460698222317,False
2020-06-01,4.896894409937887,False
2020-06-02,8.274062968515741,False
2020-06-03,5.910044977511244,False
2020-06-04,4.0526022702934235,False
2020-06-05,5.234611265795673,False
2020-06-06,6.247761833369029,False
2020-06-07,6.078903405440136,False
2020-06-08,7.092053973013492,False
2020-06-09,5.74118654958235,False
2020-06-10,8.780638252302419,False
2020-06-11,6.585478689226814,False
2020-06-12,6.9231955450845994,False
2020-06-13,2.870593274791175,False
2020-06-14,6.754337117155707,False
2020-06-15,4.0526022702934235,False
2020-06-16,6.416620261297921,False
2020-06-17,5.910044977511244,False
2020-06-18,4.896894409937887,False
2020-06-19,7.429770828871277,False
2020-06-20,5.74118654958235,False
2020-06-21,4.896894409937887,False
2020-06-22,5.403469693724565,False
2020-06-23,7.429770828871277,False
2020-06-24,6.078903405440136,False
2020-06-25,5.572328121653458,False
2020-06-26,7.767487684729063,False
2020-06-27,7.598629256800169,False
2020-06-28,5.910044977511244,False
2020-06-29,6.754337117155707,False
2020-06-30,5.910044977511244,False
2020-07-01,5.74118654958235,False
2020-07-02,5.403469693724565,False
2020-07-03,3.2083101306489605,False
2020-07-04,6.585478689226814,False
2020-07-05,5.74118654958235,False
2020-07-06,4.728035982008994,False
2020-07-07,6.247761833369029,False
2020-07-08,4.728035982008994,False
2020-07-09,6.416620261297921,False
2020-07-10,4.7427193235680285,False
2020-07-11,5.579669792432975,False
2020-07-12,5.021702813189678,False
2020-07-13,3.9057688547030827,False
2020-07-14,5.021702813189678,False
2020-07-15,6.69560375091957,False
2020-07-16,6.416620261297922,False
2020-07-17,6.137636771676273,False
2020-07-18,5.300686302811327,False
2020-07-19,5.8586532820546235,False
2020-07-20,4.184752344324732,False
2020-07-21,5.8586532820546235,False
2020-07-22,5.021702813189678,False
2020-07-23,4.46373583394638,False
2020-07-24,3.626785365081434,False
2020-07-25,10.322389116001004,False
2020-07-26,6.416620261297922,False
2020-07-27,9.485438647136057,False
2020-07-28,10.043405626379355,False
2020-07-29,8.92747166789276,False
2020-07-30,6.69560375091957,False
2020-07-31,7.811537709406165,False
2020-08-01,8.090521199027814,False
2020-08-02,10.601372605622654,False
2020-08-03,6.974587240541219,False
2020-08-04,9.764422136757707,False
2020-08-05,8.090521199027814,False
2020-08-06,7.253570730162868,False
2020-08-07,7.532554219784517,False
2020-08-08,5.021702813189678,False
2020-08-09,5.579669792432975,False
2020-08-10,7.253570730162868,False
2020-08-11,9.206455157514409,False
2020-08-12,5.8586532820546235,False
2020-08-13,5.300686302811327,False
2020-08-14,5.300686302811327,False
2020-08-15,6.416620261297922,False
2020-08-16,6.974587240541219,False
2020-08-17,10.601372605622654,False
2020-08-18,9.485438647136057,False
2020-08-19,6.416620261297922,False
2020-08-20,3.9057688547030827,False
2020-08-21,5.8586532820546235,False
2020-08-22,7.253570730162868,False
2020-08-23,5.300686302811327,False
2020-08-24,5.579669792432975,False
2020-08-25,7.253570730162868,False
2020-08-26,4.46373583394638,False
2020-08-27,5.021702813189678,False
2020-08-28,3.626785365081434,False
2020-08-29,4.7427193235680285,False
2020-08-30,3.347801875459785,False
2020-08-31,5.579669792432975,False
2020-09-01,4.184752344324732,False
2020-09-02,7.253570730162868,False
2020-09-03,5.8586532820546235,False
2020-09-04,5.8586532820546235,False
2020-09-05,6.69560375091957,False
2020-09-06,3.9057688547030827,False
2020-09-07,5.300686302811327,False
2020-09-08,2.7898348962164876,False
2020-09-09,6.416620261297922,False
2020-09-10,3.9057688547030827,False
2020-09-11,5.8586532820546235,False
2020-09-12,5.8586532820546235,False
2020-09-13,5.579669792432975,False
2020-09-14,3.626785365081434,False
2020-09-15,6.974587240541219,False
2020-09-16,5.300686302811327,False
2020-09-17,5.021702813189678,False
2020-09-18,3.9057688547030827,False
2020-09-19,6.137636771676273,False
2020-09-20,8.369504688649464,False
2020-09-21,3.9057688547030827,False
2020-09-22,5.300686302811327,False
2020-09-23,4.7427193235680285,False
2020-09-24,4.46373583394638,False
2020-09-25,5.300686302811327,False
2020-09-26,5.021702813189678,False
2020-09-27,5.579669792432975,False
2020-09-28,5.300686302811327,False
2020-09-29,4.7427193235680285,False
2020-09-30,5.579669792432975,False
2020-10-01,4.46373583394638,False
2020-10-02,2.7898348962164876,False
2020-10-03,5.300686302811327,False
2020-10-04,5.579669792432975,False
2020-10-05,5.8586532820546235,False
2020-10-06,3.347801875459785,False
2020-10-07,4.184752344324732,False
2020-10-08,4.7427193235680285,False
2020-10-09,6.137636771676273,False
2020-10-10,5.021702813189678,False
2020-10-11,3.9057688547030827,False
2020-10-12,4.184752344324732,False
2020-10-13,5.8586532820546235,False
2020-10-14,4.184752344324732,False
2020-10-15,5.300686302811327,False
2020-10-16,2.7898348962164876,False
2020-10-17,6.69560375091957,False
2020-10-18,3.0688183858381364,False
2020-10-19,4.184752344324732,False
2020-10-20,6.137636771676273,False
2020-10-21,6.69560375091957,False
2020-10-22,5.021702813189678,False
2020-10-23,5.300686302811327,False
2020-10-24,5.300686302811327,False
2020-10-25,4.46373583394638,False
2020-10-26,7.532554219784517,False
2020-10-27,7.253570730162868,False
2020-10-28,6.137636771676273,False
2020-10-29,5.579669792432975,False
2020-10-30,5.8586532820546235,False
2020-10-31,6.69560375091957,False
2020-11-01,5.300686302811327,False
2020-11-02,4.7427193235680285,False
2020-11-03,6.137636771676273,False
2020-11-04,4.184752344324732,False
2020-11-05,5.579669792432975,False
2020-11-06,5.579669792432975,False
2020-11-07,7.532554219784517,False
2020-11-08,5.579669792432975,False
2020-11-09,6.974587240541219,False
2020-11-10,6.974587240541219,False
2020-11-11,6.137636771676273,False
2020-11-12,6.69560375091957,False
2020-11-13,9.485438647136057,False
2020-11-14,8.090521199027814,False
2020-11-15,9.485438647136057,False
2020-11-16,7.811537709406165,False
2020-11-17,11.438323074487599,False
2020-11-18,8.648488178271112,False
2020-11-19,10.601372605622654,False
2020-11-20,8.090521199027814,False
2020-11-21,10.880356095244302,False
2020-11-22,6.974587240541219,False
2020-11-23,10.601372605622654,False
2020-11-24,17.85494333578552,False
2020-11-25,6.416620261297922,False
2020-11-26,11.15933958486595,False
2020-11-27,6.69560375091957,False
2020-11-28,4.46373583394638,False
2020-11-29,7.532554219784517,False
2020-11-30,9.485438647136057,False
2020-12-01,6.974587240541219,False
2020-12-02,6.974587240541219,False
2020-12-03,5.8586532820546235,False
2020-12-04,6.974587240541219,False
2020-12-05,8.92747166789276,False
2020-12-06,7.253570730162868,False
2020-12-07,5.579669792432975,False
2020-12-08,6.974587240541219,False
2020-12-09,7.253570730162868,False
2020-12-10,4.46373583394638,False
2020-12-11,6.416620261297922,False
2020-12-12,6.416620261297922,False
2020-12-13,7.811537709406165,False
2020-12-14,5.579669792432975,False
2020-12-15,6.137636771676273,False
2020-12-16,10.322389116001004,False
2020-12-17,13.949174481082437,False
2020-12-18,12.275273543352546,False
2020-12-19,11.717306564109247,False
2020-12-20,12.275273543352546,False
2020-12-21,14.507141460325736,False
2020-12-22,9.764422136757707,False
2020-12-23,13.112224012217492,False
2020-12-24,10.880356095244302,False
2020-12-25,11.996290053730897,False
2020-12-26,12.554257032974194,False
2020-12-27,14.786124949947384,False
2020-12-28,13.39120750183914,False
2020-12-29,13.670190991460789,False
2020-12-30,11.996290053730897,False
2020-12-31,13.39120750183914,False
2021-01-01,10.880356095244302,False
2021-01-02,21.481728700866956,False
2021-01-03,27.898348962164874,False
2021-01-04,22.039695680110253,False
2021-01-05,17.296976356542224,False
2021-01-06,26.425936100272843,False
2021-01-07,30.750180189408397,False
2021-01-08,24.02357827297531,False
2021-01-09,33.633009582165435,False
2021-01-10,48.04715654595062,False
2021-01-11,24.984521403894323,False
2021-01-12,20.17980574929926,False
2021-01-13,18.738391052920743,False
2021-01-14,24.02357827297531,False
2021-01-15,13.93367539832568,False
2021-01-16,14.414146963785186,False
2021-01-17,15.375090094704198,False
2021-01-18,13.93367539832568,False
2021-01-19,13.93367539832568,False
2021-01-20,13.453203832866173,False
2021-01-21,11.050846005568642,False
2021-01-22,12.492260701947162,False
2021-01-23,10.08990287464963,False
2021-01-24,8.648488178271112,False
2021-01-25,11.050846005568642,False
2021-01-26,12.492260701947162,False
2021-01-27,12.492260701947162,False
2021-01-28,12.972732267406668,False
2021-01-29,18.738391052920743,False
2021-01-30,12.972732267406668,False
2021-01-31,10.08990287464963,False
2021-02-01,12.011789136487655,False
2021-02-02,11.531317571028149,False
2021-02-03,12.972732267406668,False
2021-02-04,12.492260701947162,False
2021-02-05,12.492260701947162,False
2021-02-06,16.33603322562321,False
2021-02-07,13.453203832866173,False
2021-02-08,18.738391052920743,False
2021-02-09,23.543106707515804,False
2021-02-10,16.816504791082718,False
2021-02-11,16.816504791082718,False
2021-02-12,16.33603322562321,False
2021-02-13,25.46499296935383,False
2021-02-14,33.152538016705925,False
2021-02-15,28.347822362110865,False
2021-02-16,16.816504791082718,False
2021-02-17,21.140748880218272,False
2021-02-18,18.257919487461237,False
2021-02-19,22.101692011137285,False
2021-02-20,27.386879231191852,False
2021-02-21,23.062635142056298,False
2021-02-22,18.257919487461237,False
2021-02-23,17.296976356542224,False
2021-02-24,16.33603322562321,False
2021-02-25,9.609431309190125,False
2021-02-26,10.570374440109136,False
2021-02-27,13.453203832866173,False
2021-02-28,12.492260701947162,False
2021-03-01,11.050846005568642,False
2021-03-02,12.011789136487655,False
2021-03-03,9.609431309190125,False
2021-03-04,7.687545047352099,False
2021-03-05,10.570374440109136,False
2021-03-06,7.687545047352099,False
2021-03-07,9.609431309190125,False
2021-03-08,8.648488178271112,False
2021-03-09,11.050846005568642,False
2021-03-10,12.972732267406668,False
2021-03-11,10.08990287464963,False
2021-03-12,12.011789136487655,False
2021-03-13,13.93367539832568,False
2021-03-14,12.011789136487655,False
2021-03-15,11.050846005568642,False
2021-03-16,11.050846005568642,False
2021-03-17,8.648488178271112,False
2021-03-18,12.492260701947162,False
2021-03-19,10.08990287464963,False
2021-03-20,7.687545047352099,False
2021-03-21,7.687545047352099,False
2021-03-22,8.168016612811606,False
2021-03-23,11.050846005568642,False
2021-03-24,9.128959743730618,False
2021-03-25,9.128959743730618,False
2021-03-26,7.207073481892593,False
2021-03-27,8.168016612811606,False
2021-03-28,11.050846005568642,False
2021-03-29,6.726601916433086,False
2021-03-30,10.570374440109136,False
2021-03-31,8.168016612811606,False
2021-04-01,11.050846005568642,False
