date,dash,isPartial
2017-03-05,28.0,False
2017-03-06,47.0,False
2017-03-07,24.0,False
2017-03-08,16.0,False
2017-03-09,91.0,False
2017-03-10,9.0,False
2017-03-11,85.0,False
2017-03-12,82.0,False
2017-03-13,62.0,False
2017-03-14,92.0,False
2017-03-15,93.0,False
2017-03-16,42.0,False
2017-03-17,79.0,False
2017-03-18,67.0,False
2017-03-19,48.0,False
2017-03-20,50.0,False
2017-03-21,58.0,False
2017-03-22,42.0,False
2017-03-23,43.0,False
2017-03-24,43.0,False
2017-03-25,29.0,False
2017-03-26,19.0,False
2017-03-27,33.0,False
2017-03-28,25.0,False
2017-03-29,17.0,False
2017-03-30,25.0,False
2017-03-31,35.0,False
2017-04-01,10.0,False
2017-04-02,39.0,False
2017-04-03,34.0,False
2017-04-04,17.0,False
2017-04-05,8.0,False
2017-04-06,17.0,False
2017-04-07,9.0,False
2017-04-08,10.0,False
2017-04-09,10.0,False
2017-04-10,8.0,False
2017-04-11,9.0,False
2017-04-12,9.0,False
2017-04-13,44.0,False
2017-04-14,29.0,False
2017-04-15,0.0,False
2017-04-16,30.0,False
2017-04-17,9.0,False
2017-04-18,0.0,False
2017-04-19,8.0,False
2017-04-20,34.0,False
2017-04-21,0.0,False
2017-04-22,49.0,False
2017-04-23,9.0,False
2017-04-24,17.0,False
2017-04-25,17.0,False
2017-04-26,25.0,False
2017-04-27,25.0,False
2017-04-28,0.0,False
2017-04-29,30.0,False
2017-04-30,10.0,False
2017-05-01,55.0,False
2017-05-02,16.0,False
2017-05-03,8.0,False
2017-05-04,8.0,False
2017-05-05,61.0,False
2017-05-06,20.0,False
2017-05-07,19.0,False
2017-05-08,42.0,False
2017-05-09,0.0,False
2017-05-10,8.0,False
2017-05-11,9.0,False
2017-05-12,71.0,False
2017-05-13,0.0,False
2017-05-14,29.0,False
2017-05-15,9.0,False
2017-05-16,18.0,False
2017-05-17,18.0,False
2017-05-18,27.0,False
2017-05-19,37.0,False
2017-05-20,32.0,False
2017-05-21,21.0,False
2017-05-22,45.0,False
2017-05-23,35.0,False
2017-05-24,18.0,False
2017-05-25,46.0,False
2017-05-26,29.0,False
2017-05-27,22.0,False
2017-05-28,11.0,False
2017-05-29,19.0,False
2017-05-30,0.0,False
2017-05-31,53.0,False
2017-06-01,27.0,False
2017-06-02,38.0,False
2017-06-03,10.0,False
2017-06-04,41.0,False
2017-06-05,18.0,False
2017-06-06,44.0,False
2017-06-07,26.0,False
2017-06-08,53.0,False
2017-06-09,18.0,False
2017-06-10,85.0,False
2017-06-11,52.0,False
2017-06-12,60.0,False
2017-06-13,17.0,False
2017-06-14,53.0,False
2017-06-15,45.0,False
2017-06-16,56.0,False
2017-06-17,43.0,False
2017-06-18,42.0,False
2017-06-19,44.0,False
2017-06-20,34.0,False
2017-06-21,43.0,False
2017-06-22,26.0,False
2017-06-23,44.0,False
2017-06-24,42.0,False
2017-06-25,52.0,False
2017-06-26,36.0,False
2017-06-27,55.0,False
2017-06-28,56.0,False
2017-06-29,46.0,False
2017-06-30,38.0,False
2017-07-01,0.0,False
2017-07-02,43.0,False
2017-07-03,9.0,False
2017-07-04,85.0,False
2017-07-05,65.0,False
2017-07-06,28.0,False
2017-07-07,38.0,False
2017-07-08,64.0,False
2017-07-09,42.0,False
2017-07-10,27.0,False
2017-07-11,27.0,False
2017-07-12,45.0,False
2017-07-13,9.0,False
2017-07-14,19.0,False
2017-07-15,32.0,False
2017-07-16,11.0,False
2017-07-17,27.0,False
2017-07-18,63.0,False
2017-07-19,37.0,False
2017-07-20,64.0,False
2017-07-21,47.0,False
2017-07-22,32.0,False
2017-07-23,31.0,False
2017-07-24,44.0,False
2017-07-25,72.0,False
2017-07-26,18.0,False
2017-07-27,36.0,False
2017-07-28,0.0,False
2017-07-29,63.0,False
2017-07-30,21.0,False
2017-07-31,44.0,False
2017-08-01,17.0,False
2017-08-02,34.0,False
2017-08-03,35.0,False
2017-08-04,27.0,False
2017-08-05,31.0,False
2017-08-06,72.0,False
2017-08-07,52.0,False
2017-08-08,8.0,False
2017-08-09,43.0,False
2017-08-10,53.0,False
2017-08-11,37.0,False
2017-08-12,80.0,False
2017-08-13,82.0,False
2017-08-14,18.0,False
2017-08-15,36.0,False
2017-08-16,88.0,False
2017-08-17,79.0,False
2017-08-18,55.0,False
2017-08-19,100.0,False
2017-08-20,60.0,False
2017-08-21,35.0,False
2017-08-22,26.0,False
2017-08-23,26.0,False
2017-08-24,44.0,False
2017-08-25,83.0,False
2017-08-26,82.0,False
2017-08-27,30.0,False
2017-08-28,26.0,False
2017-08-29,26.0,False
2017-08-30,61.0,False
2017-08-31,53.0,False
2017-09-01,18.0,False
2017-09-02,11.571428571428573,False
2017-09-03,9.0,False
2017-09-04,11.571428571428573,False
2017-09-05,9.0,False
2017-09-06,18.642857142857146,False
2017-09-07,11.571428571428573,False
2017-09-08,7.714285714285715,False
2017-09-09,12.857142857142858,False
2017-09-10,4.5,False
2017-09-11,10.928571428571429,False
2017-09-12,7.714285714285715,False
2017-09-13,7.714285714285715,False
2017-09-14,7.714285714285715,False
2017-09-15,7.714285714285715,False
2017-09-16,4.5,False
2017-09-17,8.357142857142858,False
2017-09-18,5.7857142857142865,False
2017-09-19,10.928571428571429,False
2017-09-20,9.0,False
2017-09-21,7.714285714285715,False
2017-09-22,7.714285714285715,False
2017-09-23,6.428571428571429,False
2017-09-24,6.428571428571429,False
2017-09-25,5.7857142857142865,False
2017-09-26,7.714285714285715,False
2017-09-27,5.7857142857142865,False
2017-09-28,1.9285714285714288,False
2017-09-29,7.714285714285715,False
2017-09-30,13.500000000000002,False
2017-10-01,8.357142857142858,False
2017-10-02,5.7857142857142865,False
2017-10-03,9.0,False
2017-10-04,5.7857142857142865,False
2017-10-05,12.857142857142858,False
2017-10-06,7.714285714285715,False
2017-10-07,10.928571428571429,False
2017-10-08,14.785714285714286,False
2017-10-09,7.071428571428572,False
2017-10-10,3.8571428571428577,False
2017-10-11,5.7857142857142865,False
2017-10-12,9.642857142857144,False
2017-10-13,5.7857142857142865,False
2017-10-14,4.5,False
2017-10-15,6.428571428571429,False
2017-10-16,3.8571428571428577,False
2017-10-17,12.857142857142858,False
2017-10-18,1.9285714285714288,False
2017-10-19,13.500000000000002,False
2017-10-20,9.642857142857144,False
2017-10-21,6.428571428571429,False
2017-10-22,3.8571428571428577,False
2017-10-23,7.071428571428572,False
2017-10-24,5.142857142857143,False
2017-10-25,7.071428571428572,False
2017-10-26,10.928571428571429,False
2017-10-27,3.8571428571428577,False
2017-10-28,0.0,False
2017-10-29,14.785714285714286,False
2017-10-30,5.7857142857142865,False
2017-10-31,9.642857142857144,False
2017-11-01,5.7857142857142865,False
2017-11-02,12.857142857142858,False
2017-11-03,9.642857142857144,False
2017-11-04,10.285714285714286,False
2017-11-05,6.428571428571429,False
2017-11-06,9.0,False
2017-11-07,16.071428571428573,False
2017-11-08,9.0,False
2017-11-09,9.0,False
2017-11-10,9.642857142857144,False
2017-11-11,4.5,False
2017-11-12,43.07142857142858,False
2017-11-13,19.28571428571429,False
2017-11-14,23.142857142857146,False
2017-11-15,7.071428571428572,False
2017-11-16,10.928571428571429,False
2017-11-17,25.714285714285715,False
2017-11-18,16.714285714285715,False
2017-11-19,10.285714285714286,False
2017-11-20,14.142857142857144,False
2017-11-21,23.142857142857146,False
2017-11-22,34.07142857142858,False
2017-11-23,14.785714285714286,False
2017-11-24,18.642857142857146,False
2017-11-25,22.5,False
2017-11-26,26.357142857142858,False
2017-11-27,27.642857142857146,False
2017-11-28,21.214285714285715,False
2017-11-29,48.85714285714286,False
2017-11-30,61.71428571428572,False
2017-12-01,35.35714285714286,False
2017-12-02,52.07142857142858,False
2017-12-03,30.214285714285715,False
2017-12-04,18.0,False
2017-12-05,36.0,False
2017-12-06,25.071428571428573,False
2017-12-07,39.85714285714286,False
2017-12-08,44.35714285714286,False
2017-12-09,18.642857142857146,False
2017-12-10,34.714285714285715,False
2017-12-11,24.42857142857143,False
2017-12-12,52.07142857142858,False
2017-12-13,45.0,False
2017-12-14,43.714285714285715,False
2017-12-15,25.071428571428573,False
2017-12-16,37.92857142857143,False
2017-12-17,54.642857142857146,False
2017-12-18,29.571428571428573,False
2017-12-19,48.85714285714286,False
2017-12-20,64.28571428571429,False
2017-12-21,50.142857142857146,False
2017-12-22,43.07142857142858,False
2017-12-23,37.28571428571429,False
2017-12-24,34.714285714285715,False
2017-12-25,28.28571428571429,False
2017-12-26,26.357142857142858,False
2017-12-27,17.357142857142858,False
2017-12-28,25.714285714285715,False
2017-12-29,32.142857142857146,False
2017-12-30,28.28571428571429,False
2017-12-31,33.42857142857143,False
2018-01-01,22.5,False
2018-01-02,39.214285714285715,False
2018-01-03,30.85714285714286,False
2018-01-04,28.92857142857143,False
2018-01-05,23.78571428571429,False
2018-01-06,34.714285714285715,False
2018-01-07,27.642857142857146,False
2018-01-08,33.42857142857143,False
2018-01-09,19.28571428571429,False
2018-01-10,19.28571428571429,False
2018-01-11,21.214285714285715,False
2018-01-12,21.857142857142858,False
2018-01-13,32.142857142857146,False
2018-01-14,19.92857142857143,False
2018-01-15,16.071428571428573,False
2018-01-16,33.42857142857143,False
2018-01-17,15.42857142857143,False
2018-01-18,24.42857142857143,False
2018-01-19,21.857142857142858,False
2018-01-20,18.0,False
2018-01-21,9.642857142857144,False
2018-01-22,17.357142857142858,False
2018-01-23,15.42857142857143,False
2018-01-24,8.357142857142858,False
2018-01-25,9.0,False
2018-01-26,18.0,False
2018-01-27,14.142857142857144,False
2018-01-28,16.071428571428573,False
2018-01-29,20.571428571428573,False
2018-01-30,1.9285714285714288,False
2018-01-31,8.357142857142858,False
2018-02-01,8.357142857142858,False
2018-02-02,12.857142857142858,False
2018-02-03,11.571428571428573,False
2018-02-04,9.642857142857144,False
2018-02-05,14.142857142857144,False
2018-02-06,7.071428571428572,False
2018-02-07,15.42857142857143,False
2018-02-08,9.0,False
2018-02-09,10.928571428571429,False
2018-02-10,10.285714285714286,False
2018-02-11,7.714285714285715,False
2018-02-12,7.071428571428572,False
2018-02-13,10.928571428571429,False
2018-02-14,5.142857142857143,False
2018-02-15,14.142857142857144,False
2018-02-16,9.0,False
2018-02-17,10.285714285714286,False
2018-02-18,9.642857142857144,False
2018-02-19,7.071428571428572,False
2018-02-20,5.142857142857143,False
2018-02-21,12.214285714285715,False
2018-02-22,17.357142857142858,False
2018-02-23,5.142857142857143,False
2018-02-24,9.642857142857144,False
2018-02-25,7.714285714285715,False
2018-02-26,7.071428571428572,False
2018-02-27,8.357142857142858,False
2018-02-28,8.357142857142858,False
2018-03-01,5.505882352941177,False
2018-03-02,4.42436974789916,False
2018-03-03,9.63529411764706,False
2018-03-04,3.1462184873949584,False
2018-03-05,8.258823529411766,False
2018-03-06,8.357142857142858,False
2018-03-07,8.45546218487395,False
2018-03-08,4.326050420168068,False
2018-03-09,5.899159663865547,False
2018-03-10,6.489075630252102,False
2018-03-11,4.81764705882353,False
2018-03-12,4.129411764705883,False
2018-03-13,4.227731092436975,False
2018-03-14,6.980672268907564,False
2018-03-15,4.227731092436975,False
2018-03-16,7.275630252100841,False
2018-03-17,4.81764705882353,False
2018-03-18,3.1462184873949584,False
2018-03-19,4.326050420168068,False
2018-03-20,1.3764705882352943,False
2018-03-21,6.980672268907564,False
2018-03-22,5.702521008403362,False
2018-03-23,2.9495798319327733,False
2018-03-24,4.915966386554622,False
2018-03-25,4.915966386554622,False
2018-03-26,4.227731092436975,False
2018-03-27,5.702521008403362,False
2018-03-28,4.42436974789916,False
2018-03-29,0.0,False
2018-03-30,8.062184873949581,False
2018-03-31,1.6714285714285717,False
2018-04-01,5.112605042016807,False
2018-04-02,1.4747899159663866,False
2018-04-03,8.553781512605044,False
2018-04-04,8.553781512605044,False
2018-04-05,2.851260504201681,False
2018-04-06,2.9495798319327733,False
2018-04-07,9.831932773109244,False
2018-04-08,1.6714285714285717,False
2018-04-09,4.227731092436975,False
2018-04-10,5.604201680672269,False
2018-04-11,4.227731092436975,False
2018-04-12,8.652100840336136,False
2018-04-13,5.899159663865547,False
2018-04-14,3.244537815126051,False
2018-04-15,3.244537815126051,False
2018-04-16,0.0,False
2018-04-17,1.3764705882352943,False
2018-04-18,5.8008403361344545,False
2018-04-19,4.326050420168068,False
2018-04-20,2.9495798319327733,False
2018-04-21,5.014285714285715,False
2018-04-22,3.244537815126051,False
2018-04-23,5.604201680672269,False
2018-04-24,0.0,False
2018-04-25,2.7529411764705887,False
2018-04-26,4.227731092436975,False
2018-04-27,4.522689075630253,False
2018-04-28,1.6714285714285717,False
2018-04-29,4.915966386554622,False
2018-04-30,7.373949579831933,False
2018-05-01,1.4747899159663866,False
2018-05-02,2.851260504201681,False
2018-05-03,2.851260504201681,False
2018-05-04,5.9974789915966396,False
2018-05-05,3.4411764705882355,False
2018-05-06,0.0,False
2018-05-07,1.3764705882352943,False
2018-05-08,1.3764705882352943,False
2018-05-09,4.326050420168068,False
2018-05-10,4.227731092436975,False
2018-05-11,2.9495798319327733,False
2018-05-12,1.6714285714285717,False
2018-05-13,3.3428571428571434,False
2018-05-14,2.851260504201681,False
2018-05-15,2.851260504201681,False
2018-05-16,5.702521008403362,False
2018-05-17,1.4747899159663866,False
2018-05-18,5.899159663865547,False
2018-05-19,3.3428571428571434,False
2018-05-20,3.3428571428571434,False
2018-05-21,4.326050420168068,False
2018-05-22,0.0,False
2018-05-23,7.177310924369749,False
2018-05-24,2.851260504201681,False
2018-05-25,3.047899159663866,False
2018-05-26,3.3428571428571434,False
2018-05-27,1.6714285714285717,False
2018-05-28,1.4747899159663866,False
2018-05-29,2.851260504201681,False
2018-05-30,1.3764705882352943,False
2018-05-31,5.8008403361344545,False
2018-06-01,0.0,False
2018-06-02,0.0,False
2018-06-03,3.3428571428571434,False
2018-06-04,0.0,False
2018-06-05,2.851260504201681,False
2018-06-06,2.851260504201681,False
2018-06-07,2.851260504201681,False
2018-06-08,1.4747899159663866,False
2018-06-09,6.685714285714287,False
2018-06-10,5.014285714285715,False
2018-06-11,0.0,False
2018-06-12,0.0,False
2018-06-13,0.0,False
2018-06-14,1.3764705882352943,False
2018-06-15,2.9495798319327733,False
2018-06-16,0.0,False
2018-06-17,1.6714285714285717,False
2018-06-18,4.227731092436975,False
2018-06-19,1.3764705882352943,False
2018-06-20,4.227731092436975,False
2018-06-21,2.851260504201681,False
2018-06-22,1.4747899159663866,False
2018-06-23,3.244537815126051,False
2018-06-24,1.6714285714285717,False
2018-06-25,4.227731092436975,False
2018-06-26,9.733613445378152,False
2018-06-27,0.0,False
2018-06-28,1.4747899159663866,False
2018-06-29,3.047899159663866,False
2018-06-30,1.6714285714285717,False
2018-07-01,6.587394957983194,False
2018-07-02,1.3764705882352943,False
2018-07-03,2.851260504201681,False
2018-07-04,0.0,False
2018-07-05,1.4747899159663866,False
2018-07-06,2.851260504201681,False
2018-07-07,3.244537815126051,False
2018-07-08,3.244537815126051,False
2018-07-09,4.227731092436975,False
2018-07-10,2.7529411764705887,False
2018-07-11,0.0,False
2018-07-12,1.4747899159663866,False
2018-07-13,3.047899159663866,False
2018-07-14,3.3428571428571434,False
2018-07-15,3.3428571428571434,False
2018-07-16,2.9495798319327733,False
2018-07-17,2.851260504201681,False
2018-07-18,4.42436974789916,False
2018-07-19,1.4747899159663866,False
2018-07-20,9.143697478991598,False
2018-07-21,6.784033613445379,False
2018-07-22,3.3428571428571434,False
2018-07-23,5.8008403361344545,False
2018-07-24,1.4747899159663866,False
2018-07-25,2.851260504201681,False
2018-07-26,2.9495798319327733,False
2018-07-27,1.4747899159663866,False
2018-07-28,5.014285714285715,False
2018-07-29,3.3428571428571434,False
2018-07-30,1.4747899159663866,False
2018-07-31,4.227731092436975,False
2018-08-01,1.3764705882352943,False
2018-08-02,2.7529411764705887,False
2018-08-03,0.0,False
2018-08-04,1.6714285714285717,False
2018-08-05,3.244537815126051,False
2018-08-06,2.851260504201681,False
2018-08-07,4.227731092436975,False
2018-08-08,4.227731092436975,False
2018-08-09,0.0,False
2018-08-10,2.851260504201681,False
2018-08-11,3.244537815126051,False
2018-08-12,0.0,False
2018-08-13,2.851260504201681,False
2018-08-14,1.3764705882352943,False
2018-08-15,0.0,False
2018-08-16,1.4747899159663866,False
2018-08-17,2.9495798319327733,False
2018-08-18,0.0,False
2018-08-19,3.3428571428571434,False
2018-08-20,1.4747899159663866,False
2018-08-21,4.326050420168068,False
2018-08-22,1.4747899159663866,False
2018-08-23,4.326050420168068,False
2018-08-24,2.9495798319327733,False
2018-08-25,3.3428571428571434,False
2018-08-26,1.6714285714285717,False
2018-08-27,4.326050420168068,False
2018-08-28,2.851260504201681,False
2018-08-29,9.831932773109244,False
2018-08-30,0.0,False
2018-08-31,4.42436974789916,False
2018-09-01,8.062184873949581,False
2018-09-02,0.0,False
2018-09-03,4.326050420168068,False
2018-09-04,2.7529411764705887,False
2018-09-05,2.7529411764705887,False
2018-09-06,6.980672268907564,False
2018-09-07,1.4747899159663866,False
2018-09-08,9.63529411764706,False
2018-09-09,6.292436974789917,False
2018-09-10,5.505882352941177,False
2018-09-11,2.851260504201681,False
2018-09-12,4.129411764705883,False
2018-09-13,2.7529411764705887,False
2018-09-14,0.0,False
2018-09-15,3.244537815126051,False
2018-09-16,1.5731092436974792,False
2018-09-17,6.980672268907564,False
2018-09-18,1.3764705882352943,False
2018-09-19,1.3764705882352943,False
2018-09-20,2.7529411764705887,False
2018-09-21,0.0,False
2018-09-22,0.0,False
2018-09-23,3.1462184873949584,False
2018-09-24,2.7529411764705887,False
2018-09-25,2.7529411764705887,False
2018-09-26,4.129411764705883,False
2018-09-27,0.0,False
2018-09-28,0.0,False
2018-09-29,1.6714285714285717,False
2018-09-30,1.5731092436974792,False
2018-10-01,1.3764705882352943,False
2018-10-02,1.3764705882352943,False
2018-10-03,5.604201680672269,False
2018-10-04,4.227731092436975,False
2018-10-05,4.42436974789916,False
2018-10-06,3.244537815126051,False
2018-10-07,0.0,False
2018-10-08,2.7529411764705887,False
2018-10-09,4.031092436974791,False
2018-10-10,2.851260504201681,False
2018-10-11,4.326050420168068,False
2018-10-12,0.0,False
2018-10-13,0.0,False
2018-10-14,3.244537815126051,False
2018-10-15,0.0,False
2018-10-16,5.604201680672269,False
2018-10-17,1.3764705882352943,False
2018-10-18,1.4747899159663866,False
2018-10-19,1.4747899159663866,False
2018-10-20,0.0,False
2018-10-21,3.244537815126051,False
2018-10-22,2.851260504201681,False
2018-10-23,2.7529411764705887,False
2018-10-24,4.129411764705883,False
2018-10-25,4.227731092436975,False
2018-10-26,1.4747899159663866,False
2018-10-27,0.0,False
2018-10-28,3.1462184873949584,False
2018-10-29,0.0,False
2018-10-30,1.3764705882352943,False
2018-10-31,2.851260504201681,False
2018-11-01,0.0,False
2018-11-02,0.0,False
2018-11-03,3.244537815126051,False
2018-11-04,7.767226890756303,False
2018-11-05,5.407563025210084,False
2018-11-06,6.980672268907564,False
2018-11-07,1.3764705882352943,False
2018-11-08,2.7529411764705887,False
2018-11-09,4.326050420168068,False
2018-11-10,1.5731092436974792,False
2018-11-11,3.1462184873949584,False
2018-11-12,2.7529411764705887,False
2018-11-13,5.505882352941177,False
2018-11-14,1.3764705882352943,False
2018-11-15,2.851260504201681,False
2018-11-16,2.9495798319327733,False
2018-11-17,3.244537815126051,False
2018-11-18,0.0,False
2018-11-19,4.227731092436975,False
2018-11-20,2.851260504201681,False
2018-11-21,1.4747899159663866,False
2018-11-22,2.9495798319327733,False
2018-11-23,1.4747899159663866,False
2018-11-24,0.0,False
2018-11-25,0.0,False
2018-11-26,1.3764705882352943,False
2018-11-27,1.3764705882352943,False
2018-11-28,4.227731092436975,False
2018-11-29,2.851260504201681,False
2018-11-30,5.702521008403362,False
2018-12-01,1.5731092436974792,False
2018-12-02,3.1462184873949584,False
2018-12-03,0.0,False
2018-12-04,2.851260504201681,False
2018-12-05,2.7529411764705887,False
2018-12-06,1.4747899159663866,False
2018-12-07,4.42436974789916,False
2018-12-08,1.6714285714285717,False
2018-12-09,3.1462184873949584,False
2018-12-10,1.3764705882352943,False
2018-12-11,0.0,False
2018-12-12,1.4747899159663866,False
2018-12-13,0.0,False
2018-12-14,5.702521008403362,False
2018-12-15,3.3428571428571434,False
2018-12-16,0.0,False
2018-12-17,1.2781512605042018,False
2018-12-18,4.129411764705883,False
2018-12-19,0.0,False
2018-12-20,0.0,False
2018-12-21,1.5731092436974792,False
2018-12-22,1.6714285714285717,False
2018-12-23,6.980672268907564,False
2018-12-24,0.0,False
2018-12-25,5.407563025210084,False
2018-12-26,1.5731092436974792,False
2018-12-27,1.4747899159663866,False
2018-12-28,3.1462184873949584,False
2018-12-29,0.0,False
2018-12-30,5.014285714285715,False
2018-12-31,0.0,False
2019-01-01,5.2109243697479,False
2019-01-02,0.0,False
2019-01-03,0.0,False
2019-01-04,2.9495798319327733,False
2019-01-05,0.0,False
2019-01-06,1.5731092436974792,False
2019-01-07,1.3764705882352943,False
2019-01-08,0.0,False
2019-01-09,2.851260504201681,False
2019-01-10,1.3764705882352943,False
2019-01-11,1.4747899159663866,False
2019-01-12,1.5731092436974792,False
2019-01-13,1.5731092436974792,False
2019-01-14,2.7529411764705887,False
2019-01-15,0.0,False
2019-01-16,0.0,False
2019-01-17,4.227731092436975,False
2019-01-18,2.851260504201681,False
2019-01-19,0.0,False
2019-01-20,0.0,False
2019-01-21,4.129411764705883,False
2019-01-22,4.129411764705883,False
2019-01-23,0.0,False
2019-01-24,1.3764705882352943,False
2019-01-25,0.0,False
2019-01-26,1.5731092436974792,False
2019-01-27,0.0,False
2019-01-28,4.031092436974791,False
2019-01-29,2.7529411764705887,False
2019-01-30,1.3764705882352943,False
2019-01-31,2.7529411764705887,False
2019-02-01,0.0,False
2019-02-02,0.0,False
2019-02-03,0.0,False
2019-02-04,4.129411764705883,False
2019-02-05,2.7529411764705887,False
2019-02-06,2.7529411764705887,False
2019-02-07,2.7529411764705887,False
2019-02-08,4.227731092436975,False
2019-02-09,3.1462184873949584,False
2019-02-10,1.5731092436974792,False
2019-02-11,1.2781512605042018,False
2019-02-12,2.654621848739496,False
2019-02-13,0.0,False
2019-02-14,1.3764705882352943,False
2019-02-15,2.851260504201681,False
2019-02-16,4.719327731092438,False
2019-02-17,1.5731092436974792,False
2019-02-18,1.3764705882352943,False
2019-02-19,5.407563025210084,False
2019-02-20,0.0,False
2019-02-21,2.7529411764705887,False
2019-02-22,1.3764705882352943,False
2019-02-23,4.719327731092438,False
2019-02-24,9.438655462184876,False
2019-02-25,0.0,False
2019-02-26,8.207526488856413,False
2019-02-27,3.8985750822067966,False
2019-02-28,8.207526488856413,False
2019-03-01,4.3089514066496175,False
2019-03-02,18.67212276214834,False
2019-03-03,4.719327731092438,False
2019-03-04,4.3089514066496175,False
2019-03-05,8.412714651077824,False
2019-03-06,0.0,False
2019-03-07,0.0,False
2019-03-08,8.823090975520644,False
2019-03-09,4.719327731092438,False
2019-03-10,4.719327731092438,False
2019-03-11,12.51647789550603,False
2019-03-12,4.103763244428206,False
2019-03-13,8.207526488856413,False
2019-03-14,8.207526488856413,False
2019-03-15,12.92685421994885,False
2019-03-16,0.0,False
2019-03-17,4.719327731092438,False
2019-03-18,4.3089514066496175,False
2019-03-19,16.004676653270007,False
2019-03-20,4.3089514066496175,False
2019-03-21,0.0,False
2019-03-22,8.823090975520644,False
2019-03-23,4.924515893313848,False
2019-03-24,4.3089514066496175,False
2019-03-25,0.0,False
2019-03-26,4.3089514066496175,False
2019-03-27,4.3089514066496175,False
2019-03-28,8.617902813299235,False
2019-03-29,4.3089514066496175,False
2019-03-30,4.924515893313848,False
2019-03-31,4.719327731092438,False
2019-04-01,0.0,False
2019-04-02,4.103763244428206,False
2019-04-03,0.0,False
2019-04-04,0.0,False
2019-04-05,8.617902813299235,False
2019-04-06,0.0,False
2019-04-07,0.0,False
2019-04-08,4.103763244428206,False
2019-04-09,0.0,False
2019-04-10,4.103763244428206,False
2019-04-11,0.0,False
2019-04-12,4.514139568871028,False
2019-04-13,4.924515893313848,False
2019-04-14,9.643843624406285,False
2019-04-15,8.412714651077824,False
2019-04-16,4.3089514066496175,False
2019-04-17,4.3089514066496175,False
2019-04-18,4.514139568871028,False
2019-04-19,4.719327731092438,False
2019-04-20,0.0,False
2019-04-21,10.259408111070517,False
2019-04-22,17.8513701132627,False
2019-04-23,17.03061746437706,False
2019-04-24,4.3089514066496175,False
2019-04-25,4.3089514066496175,False
2019-04-26,4.3089514066496175,False
2019-04-27,4.719327731092438,False
2019-04-28,14.363171355498723,False
2019-04-29,4.103763244428206,False
2019-04-30,4.3089514066496175,False
2019-05-01,8.823090975520644,False
2019-05-02,16.620241139934237,False
2019-05-03,4.3089514066496175,False
2019-05-04,13.952795031055903,False
2019-05-05,0.0,False
2019-05-06,0.0,False
2019-05-07,0.0,False
2019-05-08,8.207526488856413,False
2019-05-09,16.825429302155648,False
2019-05-10,8.617902813299235,False
2019-05-11,14.568359517720134,False
2019-05-12,0.0,False
2019-05-13,4.103763244428206,False
2019-05-14,4.103763244428206,False
2019-05-15,8.412714651077824,False
2019-05-16,12.51647789550603,False
2019-05-17,4.3089514066496175,False
2019-05-18,0.0,False
2019-05-19,9.438655462184876,False
2019-05-20,20.518816222141034,False
2019-05-21,12.311289733284621,False
2019-05-22,0.0,False
2019-05-23,8.002338326635003,False
2019-05-24,4.3089514066496175,False
2019-05-25,9.849031786627696,False
2019-05-26,0.0,False
2019-05-27,8.412714651077824,False
2019-05-28,16.209864815491418,False
2019-05-29,0.0,False
2019-05-30,0.0,False
2019-05-31,12.92685421994885,False
2019-06-01,14.363171355498723,False
2019-06-02,9.233467299963465,False
2019-06-03,8.207526488856413,False
2019-06-04,8.412714651077824,False
2019-06-05,8.207526488856413,False
2019-06-06,8.207526488856413,False
2019-06-07,8.617902813299235,False
2019-06-08,9.438655462184876,False
2019-06-09,4.719327731092438,False
2019-06-10,12.10610157106321,False
2019-06-11,0.0,False
2019-06-12,4.103763244428206,False
2019-06-13,0.0,False
2019-06-14,8.412714651077824,False
2019-06-15,9.438655462184876,False
2019-06-16,4.719327731092438,False
2019-06-17,0.0,False
2019-06-18,0.0,False
2019-06-19,4.103763244428206,False
2019-06-20,12.51647789550603,False
2019-06-21,17.440993788819878,False
2019-06-22,14.568359517720134,False
2019-06-23,4.719327731092438,False
2019-06-24,8.412714651077824,False
2019-06-25,16.620241139934237,False
2019-06-26,4.103763244428206,False
2019-06-27,8.002338326635003,False
2019-06-28,17.440993788819878,False
2019-06-29,4.719327731092438,False
2019-06-30,0.0,False
2019-07-01,8.207526488856413,False
2019-07-02,4.103763244428206,False
2019-07-03,8.412714651077824,False
2019-07-04,17.440993788819878,False
2019-07-05,8.823090975520644,False
2019-07-06,0.0,False
2019-07-07,14.363171355498723,False
2019-07-08,0.0,False
2019-07-09,8.207526488856413,False
2019-07-10,0.0,False
2019-07-11,8.207526488856413,False
2019-07-12,4.3089514066496175,False
2019-07-13,4.924515893313848,False
2019-07-14,0.0,False
2019-07-15,12.51647789550603,False
2019-07-16,4.103763244428206,False
2019-07-17,12.51647789550603,False
2019-07-18,0.0,False
2019-07-19,0.0,False
2019-07-20,0.0,False
2019-07-21,4.924515893313848,False
2019-07-22,4.3089514066496175,False
2019-07-23,0.0,False
2019-07-24,0.0,False
2019-07-25,4.3089514066496175,False
2019-07-26,4.514139568871028,False
2019-07-27,4.924515893313848,False
2019-07-28,9.643843624406285,False
2019-07-29,4.3089514066496175,False
2019-07-30,0.0,False
2019-07-31,12.92685421994885,False
2019-08-01,0.0,False
2019-08-02,0.0,False
2019-08-03,0.0,False
2019-08-04,4.924515893313848,False
2019-08-05,4.3089514066496175,False
2019-08-06,17.23580562659847,False
2019-08-07,4.3089514066496175,False
2019-08-08,12.92685421994885,False
2019-08-09,0.0,False
2019-08-10,4.924515893313848,False
2019-08-11,4.924515893313848,False
2019-08-12,8.617902813299235,False
2019-08-13,8.412714651077824,False
2019-08-14,8.002338326635003,False
2019-08-15,4.3089514066496175,False
2019-08-16,17.23580562659847,False
2019-08-17,4.719327731092438,False
2019-08-18,4.719327731092438,False
2019-08-19,4.103763244428206,False
2019-08-20,4.103763244428206,False
2019-08-21,4.103763244428206,False
2019-08-22,0.0,False
2019-08-23,18.0,False
2019-08-24,20.0,False
2019-08-25,0.0,False
2019-08-26,17.0,False
2019-08-27,9.0,False
2019-08-28,17.0,False
2019-08-29,9.0,False
2019-08-30,0.0,False
2019-08-31,19.0,False
2019-09-01,0.0,False
2019-09-02,17.0,False
2019-09-03,17.0,False
2019-09-04,8.0,False
2019-09-05,0.0,False
2019-09-06,0.0,False
2019-09-07,10.0,False
2019-09-08,10.0,False
2019-09-09,0.0,False
2019-09-10,0.0,False
2019-09-11,0.0,False
2019-09-12,8.0,False
2019-09-13,26.0,False
2019-09-14,19.0,False
2019-09-15,0.0,False
2019-09-16,17.0,False
2019-09-17,24.0,False
2019-09-18,8.0,False
2019-09-19,34.0,False
2019-09-20,0.0,False
2019-09-21,9.0,False
2019-09-22,0.0,False
2019-09-23,0.0,False
2019-09-24,16.0,False
2019-09-25,8.0,False
2019-09-26,0.0,False
2019-09-27,17.0,False
2019-09-28,10.0,False
2019-09-29,28.0,False
2019-09-30,8.0,False
2019-10-01,0.0,False
2019-10-02,16.0,False
2019-10-03,8.0,False
2019-10-04,0.0,False
2019-10-05,9.0,False
2019-10-06,19.0,False
2019-10-07,8.0,False
2019-10-08,17.0,False
2019-10-09,17.0,False
2019-10-10,8.0,False
2019-10-11,8.0,False
2019-10-12,0.0,False
2019-10-13,0.0,False
2019-10-14,0.0,False
2019-10-15,16.0,False
2019-10-16,0.0,False
2019-10-17,8.0,False
2019-10-18,17.0,False
2019-10-19,9.0,False
2019-10-20,0.0,False
2019-10-21,8.0,False
2019-10-22,16.0,False
2019-10-23,16.0,False
2019-10-24,8.0,False
2019-10-25,0.0,False
2019-10-26,9.0,False
2019-10-27,9.0,False
2019-10-28,24.0,False
2019-10-29,16.0,False
2019-10-30,0.0,False
2019-10-31,0.0,False
2019-11-01,26.0,False
2019-11-02,28.0,False
2019-11-03,0.0,False
2019-11-04,0.0,False
2019-11-05,8.0,False
2019-11-06,0.0,False
2019-11-07,16.0,False
2019-11-08,8.0,False
2019-11-09,0.0,False
2019-11-10,0.0,False
2019-11-11,0.0,False
2019-11-12,8.0,False
2019-11-13,0.0,False
2019-11-14,0.0,False
2019-11-15,8.0,False
2019-11-16,0.0,False
2019-11-17,9.0,False
2019-11-18,0.0,False
2019-11-19,0.0,False
2019-11-20,0.0,False
2019-11-21,8.0,False
2019-11-22,8.0,False
2019-11-23,9.0,False
2019-11-24,18.0,False
2019-11-25,0.0,False
2019-11-26,0.0,False
2019-11-27,8.0,False
2019-11-28,16.0,False
2019-11-29,16.0,False
2019-11-30,9.0,False
2019-12-01,9.0,False
2019-12-02,32.0,False
2019-12-03,24.0,False
2019-12-04,0.0,False
2019-12-05,16.0,False
2019-12-06,9.0,False
2019-12-07,9.0,False
2019-12-08,0.0,False
2019-12-09,0.0,False
2019-12-10,25.0,False
2019-12-11,8.0,False
2019-12-12,8.0,False
2019-12-13,8.0,False
2019-12-14,0.0,False
2019-12-15,0.0,False
2019-12-16,0.0,False
2019-12-17,0.0,False
2019-12-18,25.0,False
2019-12-19,17.0,False
2019-12-20,9.0,False
2019-12-21,9.0,False
2019-12-22,0.0,False
2019-12-23,18.0,False
2019-12-24,9.0,False
2019-12-25,0.0,False
2019-12-26,18.0,False
2019-12-27,0.0,False
2019-12-28,19.0,False
2019-12-29,9.0,False
2019-12-30,44.0,False
2019-12-31,19.0,False
2020-01-01,0.0,False
2020-01-02,0.0,False
2020-01-03,0.0,False
2020-01-04,9.0,False
2020-01-05,18.0,False
2020-01-06,24.0,False
2020-01-07,8.0,False
2020-01-08,8.0,False
2020-01-09,16.0,False
2020-01-10,8.0,False
2020-01-11,18.0,False
2020-01-12,36.0,False
2020-01-13,0.0,False
2020-01-14,49.0,False
2020-01-15,100.0,False
2020-01-16,40.0,False
2020-01-17,24.0,False
2020-01-18,35.0,False
2020-01-19,26.0,False
2020-01-20,8.0,False
2020-01-21,16.0,False
2020-01-22,8.0,False
2020-01-23,0.0,False
2020-01-24,25.0,False
2020-01-25,9.0,False
2020-01-26,18.0,False
2020-01-27,16.0,False
2020-01-28,40.0,False
2020-01-29,39.0,False
2020-01-30,16.0,False
2020-01-31,24.0,False
2020-02-01,18.0,False
2020-02-02,26.0,False
2020-02-03,15.0,False
2020-02-04,8.0,False
2020-02-05,24.0,False
2020-02-06,32.0,False
2020-02-07,24.0,False
2020-02-08,18.0,False
2020-02-09,9.0,False
2020-02-10,46.0,False
2020-02-11,15.0,False
2020-02-12,23.0,False
2020-02-13,23.0,False
2020-02-14,8.0,False
2020-02-15,9.0,False
2020-02-16,9.0,False
2020-02-17,16.0,False
2020-02-18,23.0,False
2020-02-19,111.16666666666667,False
2020-02-20,67.08333333333334,False
2020-02-21,0.0,False
2020-02-22,74.75,False
2020-02-23,49.833333333333336,False
2020-02-24,67.08333333333334,False
2020-02-25,0.0,False
2020-02-26,21.083333333333336,False
2020-02-27,44.083333333333336,False
2020-02-28,23.0,False
2020-02-29,24.916666666666668,False
2020-03-01,49.833333333333336,False
2020-03-02,44.083333333333336,False
2020-03-03,0.0,False
2020-03-04,0.0,False
2020-03-05,0.0,False
2020-03-06,23.0,False
2020-03-07,0.0,False
2020-03-08,74.75,False
2020-03-09,21.083333333333336,False
2020-03-10,65.16666666666667,False
2020-03-11,42.16666666666667,False
2020-03-12,21.083333333333336,False
2020-03-13,88.16666666666667,False
2020-03-14,74.75,False
2020-03-15,74.75,False
2020-03-16,21.083333333333336,False
2020-03-17,21.083333333333336,False
2020-03-18,107.33333333333334,False
2020-03-19,21.083333333333336,False
2020-03-20,21.083333333333336,False
2020-03-21,120.75,False
2020-03-22,23.0,False
2020-03-23,40.25,False
2020-03-24,42.16666666666667,False
2020-03-25,65.16666666666667,False
2020-03-26,65.16666666666667,False
2020-03-27,40.25,False
2020-03-28,46.0,False
2020-03-29,46.0,False
2020-03-30,21.083333333333336,False
2020-03-31,82.41666666666667,False
2020-04-01,42.16666666666667,False
2020-04-02,40.25,False
2020-04-03,21.083333333333336,False
2020-04-04,191.66666666666669,False
2020-04-05,23.0,False
2020-04-06,40.25,False
2020-04-07,21.083333333333336,False
2020-04-08,42.16666666666667,False
2020-04-09,21.083333333333336,False
2020-04-10,44.083333333333336,False
2020-04-11,93.91666666666667,False
2020-04-12,70.91666666666667,False
2020-04-13,42.16666666666667,False
2020-04-14,21.083333333333336,False
2020-04-15,0.0,False
2020-04-16,61.333333333333336,False
2020-04-17,42.16666666666667,False
2020-04-18,69.0,False
2020-04-19,141.83333333333334,False
2020-04-20,0.0,False
2020-04-21,103.5,False
2020-04-22,61.333333333333336,False
2020-04-23,61.333333333333336,False
2020-04-24,21.083333333333336,False
2020-04-25,46.0,False
2020-04-26,69.0,False
2020-04-27,42.16666666666667,False
2020-04-28,40.25,False
2020-04-29,40.25,False
2020-04-30,40.25,False
2020-05-01,111.16666666666667,False
2020-05-02,69.0,False
2020-05-03,23.0,False
2020-05-04,61.333333333333336,False
2020-05-05,19.166666666666668,False
2020-05-06,61.333333333333336,False
2020-05-07,61.333333333333336,False
2020-05-08,86.25,False
2020-05-09,0.0,False
2020-05-10,70.91666666666667,False
2020-05-11,21.083333333333336,False
2020-05-12,103.5,False
2020-05-13,42.16666666666667,False
2020-05-14,21.083333333333336,False
2020-05-15,42.16666666666667,False
2020-05-16,23.0,False
2020-05-17,72.83333333333334,False
2020-05-18,0.0,False
2020-05-19,21.083333333333336,False
2020-05-20,61.333333333333336,False
2020-05-21,65.16666666666667,False
2020-05-22,21.083333333333336,False
2020-05-23,47.91666666666667,False
2020-05-24,72.83333333333334,False
2020-05-25,0.0,False
2020-05-26,63.25,False
2020-05-27,21.083333333333336,False
2020-05-28,21.083333333333336,False
2020-05-29,21.083333333333336,False
2020-05-30,166.75,False
2020-05-31,47.91666666666667,False
2020-06-01,21.083333333333336,False
2020-06-02,42.16666666666667,False
2020-06-03,59.41666666666667,False
2020-06-04,38.333333333333336,False
2020-06-05,40.25,False
2020-06-06,0.0,False
2020-06-07,95.83333333333334,False
2020-06-08,0.0,False
2020-06-09,59.41666666666667,False
2020-06-10,0.0,False
2020-06-11,21.083333333333336,False
2020-06-12,67.08333333333334,False
2020-06-13,0.0,False
2020-06-14,72.83333333333334,False
2020-06-15,21.083333333333336,False
2020-06-16,21.083333333333336,False
2020-06-17,42.16666666666667,False
2020-06-18,21.083333333333336,False
2020-06-19,0.0,False
2020-06-20,49.833333333333336,False
2020-06-21,72.83333333333334,False
2020-06-22,86.25,False
2020-06-23,65.16666666666667,False
2020-06-24,0.0,False
2020-06-25,21.083333333333336,False
2020-06-26,0.0,False
2020-06-27,0.0,False
2020-06-28,0.0,False
2020-06-29,21.083333333333336,False
2020-06-30,0.0,False
2020-07-01,109.25,False
2020-07-02,44.083333333333336,False
2020-07-03,0.0,False
2020-07-04,24.916666666666668,False
2020-07-05,0.0,False
2020-07-06,21.083333333333336,False
2020-07-07,65.16666666666667,False
2020-07-08,23.0,False
2020-07-09,23.0,False
2020-07-10,23.0,False
2020-07-11,49.833333333333336,False
2020-07-12,24.916666666666668,False
2020-07-13,111.16666666666667,False
2020-07-14,67.08333333333334,False
2020-07-15,44.083333333333336,False
2020-07-16,67.08333333333334,False
2020-07-17,46.0,False
2020-07-18,26.833333333333336,False
2020-07-19,78.58333333333334,False
2020-07-20,44.083333333333336,False
2020-07-21,67.08333333333334,False
2020-07-22,0.0,False
2020-07-23,0.0,False
2020-07-24,23.0,False
2020-07-25,76.66666666666667,False
2020-07-26,24.916666666666668,False
2020-07-27,23.0,False
2020-07-28,90.08333333333334,False
2020-07-29,23.0,False
2020-07-30,46.0,False
2020-07-31,23.0,False
2020-08-01,105.41666666666667,False
2020-08-02,76.66666666666667,False
2020-08-03,23.0,False
2020-08-04,21.083333333333336,False
2020-08-05,67.08333333333334,False
2020-08-06,132.25,False
2020-08-07,69.0,False
2020-08-08,76.66666666666667,False
2020-08-09,51.75,False
2020-08-10,44.083333333333336,False
2020-08-11,65.16666666666667,False
2020-08-12,67.08333333333334,False
2020-08-13,44.083333333333336,False
2020-08-14,46.0,False
2020-08-15,0.0,False
2020-08-16,153.33333333333334,False
2020-08-17,25.555555555555557,False
2020-08-18,51.111111111111114,False
2020-08-19,76.66666666666667,False
2020-08-20,76.66666666666667,False
2020-08-21,25.555555555555557,False
2020-08-22,59.62962962962963,False
2020-08-23,59.62962962962963,False
2020-08-24,102.22222222222223,False
2020-08-25,76.66666666666667,False
2020-08-26,51.111111111111114,False
2020-08-27,51.111111111111114,False
2020-08-28,76.66666666666667,False
2020-08-29,0.0,False
2020-08-30,25.555555555555557,False
2020-08-31,25.555555555555557,False
2020-09-01,51.111111111111114,False
2020-09-02,25.555555555555557,False
2020-09-03,0.0,False
2020-09-04,76.66666666666667,False
2020-09-05,93.70370370370371,False
2020-09-06,0.0,False
2020-09-07,25.555555555555557,False
2020-09-08,76.66666666666667,False
2020-09-09,25.555555555555557,False
2020-09-10,76.66666666666667,False
2020-09-11,51.111111111111114,False
2020-09-12,25.555555555555557,False
2020-09-13,85.18518518518519,False
2020-09-14,127.77777777777779,False
2020-09-15,25.555555555555557,False
2020-09-16,51.111111111111114,False
2020-09-17,51.111111111111114,False
2020-09-18,51.111111111111114,False
2020-09-19,25.555555555555557,False
2020-09-20,0.0,False
2020-09-21,51.111111111111114,False
2020-09-22,25.555555555555557,False
2020-09-23,25.555555555555557,False
2020-09-24,51.111111111111114,False
2020-09-25,25.555555555555557,False
2020-09-26,59.62962962962963,False
2020-09-27,0.0,False
2020-09-28,76.66666666666667,False
2020-09-29,76.66666666666667,False
2020-09-30,25.555555555555557,False
2020-10-01,25.555555555555557,False
2020-10-02,0.0,False
2020-10-03,59.62962962962963,False
2020-10-04,0.0,False
2020-10-05,127.77777777777779,False
2020-10-06,0.0,False
2020-10-07,76.66666666666667,False
2020-10-08,51.111111111111114,False
2020-10-09,85.18518518518519,False
2020-10-10,0.0,False
2020-10-11,34.074074074074076,False
2020-10-12,25.555555555555557,False
2020-10-13,0.0,False
2020-10-14,59.62962962962963,False
2020-10-15,25.555555555555557,False
2020-10-16,0.0,False
2020-10-17,93.70370370370371,False
2020-10-18,0.0,False
2020-10-19,110.74074074074075,False
2020-10-20,25.555555555555557,False
2020-10-21,51.111111111111114,False
2020-10-22,85.18518518518519,False
2020-10-23,119.25925925925927,False
2020-10-24,93.70370370370371,False
2020-10-25,0.0,False
2020-10-26,25.555555555555557,False
2020-10-27,25.555555555555557,False
2020-10-28,25.555555555555557,False
2020-10-29,85.18518518518519,False
2020-10-30,0.0,False
2020-10-31,34.074074074074076,False
2020-11-01,59.62962962962963,False
2020-11-02,0.0,False
2020-11-03,25.555555555555557,False
2020-11-04,68.14814814814815,False
2020-11-05,25.555555555555557,False
2020-11-06,0.0,False
2020-11-07,85.18518518518519,False
2020-11-08,59.62962962962963,False
2020-11-09,0.0,False
2020-11-10,51.111111111111114,False
2020-11-11,25.555555555555557,False
2020-11-12,136.2962962962963,False
2020-11-13,25.555555555555557,False
2020-11-14,59.62962962962963,False
2020-11-15,34.074074074074076,False
2020-11-16,76.66666666666667,False
2020-11-17,76.66666666666667,False
2020-11-18,51.111111111111114,False
2020-11-19,25.555555555555557,False
2020-11-20,170.37037037037038,False
2020-11-21,0.0,False
2020-11-22,59.62962962962963,False
2020-11-23,85.18518518518519,False
2020-11-24,161.85185185185185,False
2020-11-25,110.74074074074075,False
2020-11-26,51.111111111111114,False
2020-11-27,0.0,False
2020-11-28,93.70370370370371,False
2020-11-29,34.074074074074076,False
2020-11-30,0.0,False
2020-12-01,102.22222222222223,False
2020-12-02,0.0,False
2020-12-03,110.74074074074075,False
2020-12-04,25.555555555555557,False
2020-12-05,119.25925925925927,False
2020-12-06,85.18518518518519,False
2020-12-07,187.40740740740742,False
2020-12-08,76.66666666666667,False
2020-12-09,25.555555555555557,False
2020-12-10,0.0,False
2020-12-11,25.555555555555557,False
2020-12-12,153.33333333333334,False
2020-12-13,34.074074074074076,False
2020-12-14,161.85185185185185,False
2020-12-15,110.74074074074075,False
2020-12-16,25.555555555555557,False
2020-12-17,51.111111111111114,False
2020-12-18,119.25925925925927,False
2020-12-19,306.6666666666667,False
2020-12-20,93.70370370370371,False
2020-12-21,85.18518518518519,False
2020-12-22,85.18518518518519,False
2020-12-23,0.0,False
2020-12-24,59.62962962962963,False
2020-12-25,170.37037037037038,False
2020-12-26,68.14814814814815,False
2020-12-27,93.70370370370371,False
2020-12-28,59.62962962962963,False
2020-12-29,85.18518518518519,False
2020-12-30,59.62962962962963,False
2020-12-31,34.074074074074076,False
2021-01-01,272.5925925925926,False
2021-01-02,340.74074074074076,False
2021-01-03,247.03703703703707,False
2021-01-04,187.40740740740742,False
2021-01-05,51.111111111111114,False
2021-01-06,468.51851851851853,False
2021-01-07,298.14814814814815,False
2021-01-08,332.22222222222223,False
2021-01-09,298.14814814814815,False
2021-01-10,851.851851851852,False
2021-01-11,374.81481481481484,False
2021-01-12,187.40740740740742,False
2021-01-13,161.85185185185185,False
2021-01-14,247.03703703703707,False
2021-01-15,144.81481481481484,False
2021-01-16,119.25925925925927,False
2021-01-17,85.18518518518519,False
2021-01-18,110.74074074074075,False
2021-01-19,127.77777777777779,False
2021-01-20,76.66666666666667,False
2021-01-21,136.2962962962963,False
2021-01-22,85.18518518518519,False
2021-01-23,59.62962962962963,False
2021-01-24,119.25925925925927,False
2021-01-25,161.85185185185185,False
2021-01-26,25.555555555555557,False
2021-01-27,212.962962962963,False
2021-01-28,110.74074074074075,False
2021-01-29,247.03703703703707,False
2021-01-30,178.8888888888889,False
2021-01-31,187.40740740740742,False
2021-02-01,161.85185185185185,False
2021-02-02,136.2962962962963,False
2021-02-03,349.2592592592593,False
2021-02-04,357.7777777777778,False
2021-02-05,110.74074074074075,False
2021-02-06,119.25925925925927,False
2021-02-07,85.18518518518519,False
2021-02-08,76.66666666666667,False
2021-02-09,323.7037037037037,False
2021-02-10,187.40740740740742,False
2021-02-11,187.40740740740742,False
2021-02-12,230.0,False
2021-02-13,1150.0,False
2021-02-14,517.5,False
2021-02-15,517.5,False
2021-02-16,402.5,False
2021-02-17,241.5,False
2021-02-18,448.5,False
2021-02-19,736.0,False
2021-02-20,632.5,False
2021-02-21,299.0,False
2021-02-22,230.0,False
2021-02-23,333.5,False
2021-02-24,287.5,False
2021-02-25,172.5,False
2021-02-26,253.0,False
2021-02-27,276.0,False
2021-02-28,253.0,False
2021-03-01,126.5,False
2021-03-02,161.0,False
2021-03-03,172.5,False
2021-03-04,115.0,False
2021-03-05,115.0,False
2021-03-06,172.5,False
2021-03-07,80.5,False
2021-03-08,149.5,False
2021-03-09,149.5,False
2021-03-10,195.5,False
2021-03-11,161.0,False
2021-03-12,299.0,False
2021-03-13,172.5,False
2021-03-14,195.5,False
2021-03-15,126.5,False
2021-03-16,207.0,False
2021-03-17,92.0,False
2021-03-18,126.5,False
2021-03-19,310.5,False
2021-03-20,46.0,False
2021-03-21,195.5,False
2021-03-22,115.0,False
2021-03-23,103.5,False
2021-03-24,92.0,False
2021-03-25,138.0,False
2021-03-26,115.0,False
2021-03-27,126.5,False
2021-03-28,80.5,False
2021-03-29,138.0,False
2021-03-30,184.0,False
2021-03-31,46.0,False
2021-04-01,333.5,False
