date,litecoin,isPartial
2016-08-28,35.0,False
2016-08-29,18.0,False
2016-08-30,18.0,False
2016-08-31,24.0,False
2016-09-01,6.0,False
2016-09-02,38.0,False
2016-09-03,21.0,False
2016-09-04,21.0,False
2016-09-05,42.0,False
2016-09-06,18.0,False
2016-09-07,18.0,False
2016-09-08,12.0,False
2016-09-09,25.0,False
2016-09-10,28.0,False
2016-09-11,35.0,False
2016-09-12,18.0,False
2016-09-13,12.0,False
2016-09-14,24.0,False
2016-09-15,36.0,False
2016-09-16,19.0,False
2016-09-17,21.0,False
2016-09-18,26.0,False
2016-09-19,17.0,False
2016-09-20,23.0,False
2016-09-21,23.0,False
2016-09-22,36.0,False
2016-09-23,31.0,False
2016-09-24,14.0,False
2016-09-25,21.0,False
2016-09-26,41.0,False
2016-09-27,29.0,False
2016-09-28,30.0,False
2016-09-29,24.0,False
2016-09-30,19.0,False
2016-10-01,27.0,False
2016-10-02,26.0,False
2016-10-03,29.0,False
2016-10-04,29.0,False
2016-10-05,41.0,False
2016-10-06,17.0,False
2016-10-07,6.0,False
2016-10-08,20.0,False
2016-10-09,47.0,False
2016-10-10,24.0,False
2016-10-11,23.0,False
2016-10-12,6.0,False
2016-10-13,35.0,False
2016-10-14,24.0,False
2016-10-15,20.0,False
2016-10-16,33.0,False
2016-10-17,23.0,False
2016-10-18,29.0,False
2016-10-19,17.0,False
2016-10-20,12.0,False
2016-10-21,24.0,False
2016-10-22,14.0,False
2016-10-23,20.0,False
2016-10-24,17.0,False
2016-10-25,6.0,False
2016-10-26,35.0,False
2016-10-27,18.0,False
2016-10-28,56.0,False
2016-10-29,27.0,False
2016-10-30,20.0,False
2016-10-31,36.0,False
2016-11-01,24.0,False
2016-11-02,35.0,False
2016-11-03,17.0,False
2016-11-04,18.0,False
2016-11-05,40.0,False
2016-11-06,59.0,False
2016-11-07,28.0,False
2016-11-08,34.0,False
2016-11-09,26.0,False
2016-11-10,6.0,False
2016-11-11,18.0,False
2016-11-12,20.0,False
2016-11-13,26.0,False
2016-11-14,23.0,False
2016-11-15,23.0,False
2016-11-16,29.0,False
2016-11-17,40.0,False
2016-11-18,36.0,False
2016-11-19,20.0,False
2016-11-20,32.0,False
2016-11-21,28.0,False
2016-11-22,34.0,False
2016-11-23,17.0,False
2016-11-24,41.0,False
2016-11-25,35.0,False
2016-11-26,20.0,False
2016-11-27,19.0,False
2016-11-28,27.0,False
2016-11-29,27.0,False
2016-11-30,49.0,False
2016-12-01,39.0,False
2016-12-02,23.0,False
2016-12-03,25.0,False
2016-12-04,48.0,False
2016-12-05,36.0,False
2016-12-06,22.0,False
2016-12-07,22.0,False
2016-12-08,45.0,False
2016-12-09,29.0,False
2016-12-10,33.0,False
2016-12-11,13.0,False
2016-12-12,22.0,False
2016-12-13,33.0,False
2016-12-14,33.0,False
2016-12-15,17.0,False
2016-12-16,31.0,False
2016-12-17,40.0,False
2016-12-18,20.0,False
2016-12-19,40.0,False
2016-12-20,23.0,False
2016-12-21,18.0,False
2016-12-22,24.0,False
2016-12-23,6.0,False
2016-12-24,42.0,False
2016-12-25,59.0,False
2016-12-26,57.0,False
2016-12-27,42.0,False
2016-12-28,49.0,False
2016-12-29,49.0,False
2016-12-30,25.0,False
2016-12-31,48.0,False
2017-01-01,14.0,False
2017-01-02,77.0,False
2017-01-03,96.0,False
2017-01-04,73.0,False
2017-01-05,63.0,False
2017-01-06,53.0,False
2017-01-07,51.0,False
2017-01-08,50.0,False
2017-01-09,38.0,False
2017-01-10,66.0,False
2017-01-11,38.0,False
2017-01-12,50.0,False
2017-01-13,23.0,False
2017-01-14,50.0,False
2017-01-15,80.0,False
2017-01-16,49.0,False
2017-01-17,48.0,False
2017-01-18,70.0,False
2017-01-19,33.0,False
2017-01-20,28.0,False
2017-01-21,31.0,False
2017-01-22,24.0,False
2017-01-23,69.0,False
2017-01-24,21.0,False
2017-01-25,43.0,False
2017-01-26,22.0,False
2017-01-27,46.0,False
2017-01-28,100.0,False
2017-01-29,67.0,False
2017-01-30,79.0,False
2017-01-31,59.0,False
2017-02-01,26.0,False
2017-02-02,27.0,False
2017-02-03,40.0,False
2017-02-04,31.0,False
2017-02-05,42.0,False
2017-02-06,48.0,False
2017-02-07,37.0,False
2017-02-08,16.0,False
2017-02-09,38.0,False
2017-02-10,44.0,False
2017-02-11,25.0,False
2017-02-12,36.0,False
2017-02-13,42.0,False
2017-02-14,22.0,False
2017-02-15,48.0,False
2017-02-16,53.0,False
2017-02-17,32.0,False
2017-02-18,37.0,False
2017-02-19,18.0,False
2017-02-20,43.0,False
2017-02-21,27.0,False
2017-02-22,21.0,False
2017-02-23,48.0,False
2017-02-24,50.0,False
2017-02-25,50.0,False
2017-02-26,50.0,False
2017-02-27,66.66666666666667,False
2017-02-28,66.66666666666667,False
2017-03-01,50.0,False
2017-03-02,66.66666666666667,False
2017-03-03,66.66666666666667,False
2017-03-04,33.333333333333336,False
2017-03-05,66.66666666666667,False
2017-03-06,50.0,False
2017-03-07,50.0,False
2017-03-08,16.666666666666668,False
2017-03-09,50.0,False
2017-03-10,50.0,False
2017-03-11,50.0,False
2017-03-12,66.66666666666667,False
2017-03-13,50.0,False
2017-03-14,50.0,False
2017-03-15,66.66666666666667,False
2017-03-16,33.333333333333336,False
2017-03-17,50.0,False
2017-03-18,83.33333333333334,False
2017-03-19,50.0,False
2017-03-20,100.0,False
2017-03-21,50.0,False
2017-03-22,33.333333333333336,False
2017-03-23,83.33333333333334,False
2017-03-24,100.0,False
2017-03-25,100.0,False
2017-03-26,33.333333333333336,False
2017-03-27,50.0,False
2017-03-28,83.33333333333334,False
2017-03-29,66.66666666666667,False
2017-03-30,200.0,False
2017-03-31,100.0,False
2017-04-01,150.0,False
2017-04-02,183.33333333333334,False
2017-04-03,183.33333333333334,False
2017-04-04,166.66666666666669,False
2017-04-05,283.33333333333337,False
2017-04-06,216.66666666666669,False
2017-04-07,183.33333333333334,False
2017-04-08,133.33333333333334,False
2017-04-09,166.66666666666669,False
2017-04-10,166.66666666666669,False
2017-04-11,150.0,False
2017-04-12,316.6666666666667,False
2017-04-13,233.33333333333334,False
2017-04-14,200.0,False
2017-04-15,183.33333333333334,False
2017-04-16,116.66666666666667,False
2017-04-17,233.33333333333334,False
2017-04-18,133.33333333333334,False
2017-04-19,116.66666666666667,False
2017-04-20,83.33333333333334,False
2017-04-21,216.66666666666669,False
2017-04-22,150.0,False
2017-04-23,300.0,False
2017-04-24,200.0,False
2017-04-25,150.0,False
2017-04-26,200.0,False
2017-04-27,150.0,False
2017-04-28,133.33333333333334,False
2017-04-29,116.66666666666667,False
2017-04-30,83.33333333333334,False
2017-05-01,133.33333333333334,False
2017-05-02,150.0,False
2017-05-03,450.00000000000006,False
2017-05-04,516.6666666666667,False
2017-05-05,450.00000000000006,False
2017-05-06,216.66666666666669,False
2017-05-07,383.33333333333337,False
2017-05-08,366.6666666666667,False
2017-05-09,383.33333333333337,False
2017-05-10,716.6666666666667,False
2017-05-11,400.0,False
2017-05-12,350.0,False
2017-05-13,316.6666666666667,False
2017-05-14,183.33333333333334,False
2017-05-15,183.33333333333334,False
2017-05-16,366.6666666666667,False
2017-05-17,300.0,False
2017-05-18,133.33333333333334,False
2017-05-19,300.0,False
2017-05-20,300.0,False
2017-05-21,266.6666666666667,False
2017-05-22,500.00000000000006,False
2017-05-23,583.3333333333334,False
2017-05-24,650.0,False
2017-05-25,700.0,False
2017-05-26,466.6666666666667,False
2017-05-27,416.6666666666667,False
2017-05-28,300.0,False
2017-05-29,300.0,False
2017-05-30,333.33333333333337,False
2017-05-31,383.33333333333337,False
2017-06-01,333.33333333333337,False
2017-06-02,316.6666666666667,False
2017-06-03,250.00000000000003,False
2017-06-04,383.33333333333337,False
2017-06-05,466.6666666666667,False
2017-06-06,433.33333333333337,False
2017-06-07,733.3333333333334,False
2017-06-08,1150.0,False
2017-06-09,1266.6666666666667,False
2017-06-10,1666.6666666666667,False
2017-06-11,1183.3333333333335,False
2017-06-12,816.6666666666667,False
2017-06-13,633.3333333333334,False
2017-06-14,666.6666666666667,False
2017-06-15,566.6666666666667,False
2017-06-16,700.0,False
2017-06-17,1316.6666666666667,False
2017-06-18,883.3333333333334,False
2017-06-19,883.3333333333334,False
2017-06-20,733.3333333333334,False
2017-06-21,650.0,False
2017-06-22,633.3333333333334,False
2017-06-23,516.6666666666667,False
2017-06-24,450.00000000000006,False
2017-06-25,550.0,False
2017-06-26,600.0,False
2017-06-27,516.6666666666667,False
2017-06-28,433.33333333333337,False
2017-06-29,300.0,False
2017-06-30,383.33333333333337,False
2017-07-01,266.6666666666667,False
2017-07-02,333.33333333333337,False
2017-07-03,516.6666666666667,False
2017-07-04,750.0,False
2017-07-05,600.0,False
2017-07-06,516.6666666666667,False
2017-07-07,450.00000000000006,False
2017-07-08,500.00000000000006,False
2017-07-09,416.6666666666667,False
2017-07-10,366.6666666666667,False
2017-07-11,483.33333333333337,False
2017-07-12,416.6666666666667,False
2017-07-13,416.6666666666667,False
2017-07-14,316.6666666666667,False
2017-07-15,533.3333333333334,False
2017-07-16,516.6666666666667,False
2017-07-17,516.6666666666667,False
2017-07-18,416.6666666666667,False
2017-07-19,400.0,False
2017-07-20,416.6666666666667,False
2017-07-21,400.0,False
2017-07-22,316.6666666666667,False
2017-07-23,333.33333333333337,False
2017-07-24,400.0,False
2017-07-25,283.33333333333337,False
2017-07-26,283.33333333333337,False
2017-07-27,283.33333333333337,False
2017-07-28,366.6666666666667,False
2017-07-29,350.0,False
2017-07-30,233.33333333333334,False
2017-07-31,383.33333333333337,False
2017-08-01,333.33333333333337,False
2017-08-02,416.6666666666667,False
2017-08-03,316.6666666666667,False
2017-08-04,283.33333333333337,False
2017-08-05,500.00000000000006,False
2017-08-06,416.6666666666667,False
2017-08-07,383.33333333333337,False
2017-08-08,433.33333333333337,False
2017-08-09,383.33333333333337,False
2017-08-10,383.33333333333337,False
2017-08-11,366.6666666666667,False
2017-08-12,350.0,False
2017-08-13,433.33333333333337,False
2017-08-14,400.0,False
2017-08-15,583.3333333333334,False
2017-08-16,450.00000000000006,False
2017-08-17,366.6666666666667,False
2017-08-18,400.0,False
2017-08-19,383.33333333333337,False
2017-08-20,366.6666666666667,False
2017-08-21,400.0,False
2017-08-22,383.33333333333337,False
2017-08-23,716.6666666666667,False
2017-08-24,716.6666666666667,False
2017-08-25,477.7777777777778,False
2017-08-26,477.7777777777778,False
2017-08-27,955.5555555555557,False
2017-08-28,716.6666666666667,False
2017-08-29,716.6666666666667,False
2017-08-30,716.6666666666667,False
2017-08-31,1194.4444444444446,False
2017-09-01,1911.1111111111113,False
2017-09-02,1433.3333333333335,False
2017-09-03,955.5555555555557,False
2017-09-04,1194.4444444444446,False
2017-09-05,955.5555555555557,False
2017-09-06,716.6666666666667,False
2017-09-07,716.6666666666667,False
2017-09-08,716.6666666666667,False
2017-09-09,477.7777777777778,False
2017-09-10,477.7777777777778,False
2017-09-11,477.7777777777778,False
2017-09-12,716.6666666666667,False
2017-09-13,716.6666666666667,False
2017-09-14,955.5555555555557,False
2017-09-15,955.5555555555557,False
2017-09-16,477.7777777777778,False
2017-09-17,477.7777777777778,False
2017-09-18,477.7777777777778,False
2017-09-19,477.7777777777778,False
2017-09-20,477.7777777777778,False
2017-09-21,477.7777777777778,False
2017-09-22,477.7777777777778,False
2017-09-23,238.8888888888889,False
2017-09-24,238.8888888888889,False
2017-09-25,477.7777777777778,False
2017-09-26,477.7777777777778,False
2017-09-27,477.7777777777778,False
2017-09-28,477.7777777777778,False
2017-09-29,238.8888888888889,False
2017-09-30,238.8888888888889,False
2017-10-01,238.8888888888889,False
2017-10-02,238.8888888888889,False
2017-10-03,238.8888888888889,False
2017-10-04,238.8888888888889,False
2017-10-05,238.8888888888889,False
2017-10-06,238.8888888888889,False
2017-10-07,238.8888888888889,False
2017-10-08,238.8888888888889,False
2017-10-09,477.7777777777778,False
2017-10-10,238.8888888888889,False
2017-10-11,238.8888888888889,False
2017-10-12,716.6666666666667,False
2017-10-13,716.6666666666667,False
2017-10-14,716.6666666666667,False
2017-10-15,716.6666666666667,False
2017-10-16,477.7777777777778,False
2017-10-17,477.7777777777778,False
2017-10-18,477.7777777777778,False
2017-10-19,477.7777777777778,False
2017-10-20,477.7777777777778,False
2017-10-21,477.7777777777778,False
2017-10-22,477.7777777777778,False
2017-10-23,716.6666666666667,False
2017-10-24,477.7777777777778,False
2017-10-25,477.7777777777778,False
2017-10-26,477.7777777777778,False
2017-10-27,477.7777777777778,False
2017-10-28,477.7777777777778,False
2017-10-29,477.7777777777778,False
2017-10-30,477.7777777777778,False
2017-10-31,477.7777777777778,False
2017-11-01,716.6666666666667,False
2017-11-02,716.6666666666667,False
2017-11-03,477.7777777777778,False
2017-11-04,477.7777777777778,False
2017-11-05,716.6666666666667,False
2017-11-06,716.6666666666667,False
2017-11-07,716.6666666666667,False
2017-11-08,955.5555555555557,False
2017-11-09,716.6666666666667,False
2017-11-10,716.6666666666667,False
2017-11-11,477.7777777777778,False
2017-11-12,477.7777777777778,False
2017-11-13,716.6666666666667,False
2017-11-14,477.7777777777778,False
2017-11-15,716.6666666666667,False
2017-11-16,716.6666666666667,False
2017-11-17,955.5555555555557,False
2017-11-18,716.6666666666667,False
2017-11-19,716.6666666666667,False
2017-11-20,955.5555555555557,False
2017-11-21,955.5555555555557,False
2017-11-22,955.5555555555557,False
2017-11-23,955.5555555555557,False
2017-11-24,716.6666666666667,False
2017-11-25,1433.3333333333335,False
2017-11-26,1194.4444444444446,False
2017-11-27,1911.1111111111113,False
2017-11-28,1911.1111111111113,False
2017-11-29,3583.333333333334,False
2017-11-30,2388.888888888889,False
2017-12-01,2150.0,False
2017-12-02,1911.1111111111113,False
2017-12-03,1672.2222222222224,False
2017-12-04,1911.1111111111113,False
2017-12-05,1672.2222222222224,False
2017-12-06,2388.888888888889,False
2017-12-07,3344.444444444445,False
2017-12-08,5016.666666666667,False
2017-12-09,7644.444444444445,False
2017-12-10,4061.1111111111113,False
2017-12-11,7883.333333333334,False
2017-12-12,23888.88888888889,False
2017-12-13,14572.222222222224,False
2017-12-14,9316.666666666668,False
2017-12-15,7405.555555555557,False
2017-12-16,5255.555555555557,False
2017-12-17,5733.333333333334,False
2017-12-18,5255.555555555557,False
2017-12-19,6211.111111111111,False
2017-12-20,6211.111111111111,False
2017-12-21,5494.444444444445,False
2017-12-22,7166.666666666668,False
2017-12-23,4061.1111111111113,False
2017-12-24,3105.5555555555557,False
2017-12-25,2627.7777777777783,False
2017-12-26,2627.7777777777783,False
2017-12-27,2866.666666666667,False
2017-12-28,3105.5555555555557,False
2017-12-29,2627.7777777777783,False
2017-12-30,3344.444444444445,False
2017-12-31,2388.888888888889,False
2018-01-01,1911.1111111111113,False
2018-01-02,2627.7777777777783,False
2018-01-03,2866.666666666667,False
2018-01-04,3105.5555555555557,False
2018-01-05,2627.7777777777783,False
2018-01-06,3344.444444444445,False
2018-01-07,2627.7777777777783,False
2018-01-08,2866.666666666667,False
2018-01-09,2627.7777777777783,False
2018-01-10,2388.888888888889,False
2018-01-11,2150.0,False
2018-01-12,1911.1111111111113,False
2018-01-13,1672.2222222222224,False
2018-01-14,1433.3333333333335,False
2018-01-15,1433.3333333333335,False
2018-01-16,2388.888888888889,False
2018-01-17,2627.7777777777783,False
2018-01-18,1672.2222222222224,False
2018-01-19,1433.3333333333335,False
2018-01-20,1194.4444444444446,False
2018-01-21,1194.4444444444446,False
2018-01-22,1194.4444444444446,False
2018-01-23,1194.4444444444446,False
2018-01-24,1194.4444444444446,False
2018-01-25,955.5555555555557,False
2018-01-26,1194.4444444444446,False
2018-01-27,955.5555555555557,False
2018-01-28,1194.4444444444446,False
2018-01-29,1194.4444444444446,False
2018-01-30,955.5555555555557,False
2018-01-31,955.5555555555557,False
2018-02-01,1433.3333333333335,False
2018-02-02,1433.3333333333335,False
2018-02-03,1194.4444444444446,False
2018-02-04,1911.1111111111113,False
2018-02-05,1433.3333333333335,False
2018-02-06,1433.3333333333335,False
2018-02-07,1194.4444444444446,False
2018-02-08,955.5555555555557,False
2018-02-09,1194.4444444444446,False
2018-02-10,955.5555555555557,False
2018-02-11,955.5555555555557,False
2018-02-12,955.5555555555557,False
2018-02-13,955.5555555555557,False
2018-02-14,3344.444444444445,False
2018-02-15,2627.7777777777783,False
2018-02-16,1911.1111111111113,False
2018-02-17,1672.2222222222224,False
2018-02-18,2150.0,False
2018-02-19,2150.0,False
2018-02-20,2654.320987654321,False
2018-02-21,1672.2222222222222,False
2018-02-22,1220.9876543209875,False
2018-02-23,1167.9012345679012,False
2018-02-24,849.3827160493827,False
2018-02-25,1035.1851851851852,False
2018-02-26,1539.506172839506,False
2018-02-27,1141.358024691358,False
2018-02-28,875.9259259259259,False
2018-03-01,796.2962962962963,False
2018-03-02,743.2098765432098,False
2018-03-03,663.5802469135803,False
2018-03-04,451.2345679012345,False
2018-03-05,743.2098765432098,False
2018-03-06,716.6666666666666,False
2018-03-07,716.6666666666666,False
2018-03-08,849.3827160493827,False
2018-03-09,849.3827160493827,False
2018-03-10,637.037037037037,False
2018-03-11,504.32098765432096,False
2018-03-12,583.9506172839506,False
2018-03-13,610.4938271604938,False
2018-03-14,663.5802469135803,False
2018-03-15,690.1234567901234,False
2018-03-16,424.69135802469134,False
2018-03-17,610.4938271604938,False
2018-03-18,743.2098765432098,False
2018-03-19,557.4074074074074,False
2018-03-20,530.8641975308642,False
2018-03-21,637.037037037037,False
2018-03-22,504.32098765432096,False
2018-03-23,451.2345679012345,False
2018-03-24,398.14814814814815,False
2018-03-25,345.0617283950617,False
2018-03-26,663.5802469135803,False
2018-03-27,583.9506172839506,False
2018-03-28,716.6666666666666,False
2018-03-29,716.6666666666666,False
2018-03-30,637.037037037037,False
2018-03-31,424.69135802469134,False
2018-04-01,424.69135802469134,False
2018-04-02,477.77777777777777,False
2018-04-03,637.037037037037,False
2018-04-04,451.2345679012345,False
2018-04-05,530.8641975308642,False
2018-04-06,398.14814814814815,False
2018-04-07,318.5185185185185,False
2018-04-08,371.6049382716049,False
2018-04-09,557.4074074074074,False
2018-04-10,477.77777777777777,False
2018-04-11,451.2345679012345,False
2018-04-12,530.8641975308642,False
2018-04-13,637.037037037037,False
2018-04-14,371.6049382716049,False
2018-04-15,424.69135802469134,False
2018-04-16,371.6049382716049,False
2018-04-17,557.4074074074074,False
2018-04-18,477.77777777777777,False
2018-04-19,583.9506172839506,False
2018-04-20,637.037037037037,False
2018-04-21,530.8641975308642,False
2018-04-22,504.32098765432096,False
2018-04-23,530.8641975308642,False
2018-04-24,610.4938271604938,False
2018-04-25,530.8641975308642,False
2018-04-26,424.69135802469134,False
2018-04-27,424.69135802469134,False
2018-04-28,424.69135802469134,False
2018-04-29,371.6049382716049,False
2018-04-30,345.0617283950617,False
2018-05-01,398.14814814814815,False
2018-05-02,451.2345679012345,False
2018-05-03,424.69135802469134,False
2018-05-04,504.32098765432096,False
2018-05-05,557.4074074074074,False
2018-05-06,504.32098765432096,False
2018-05-07,398.14814814814815,False
2018-05-08,451.2345679012345,False
2018-05-09,424.69135802469134,False
2018-05-10,451.2345679012345,False
2018-05-11,424.69135802469134,False
2018-05-12,371.6049382716049,False
2018-05-13,345.0617283950617,False
2018-05-14,424.69135802469134,False
2018-05-15,398.14814814814815,False
2018-05-16,371.6049382716049,False
2018-05-17,318.5185185185185,False
2018-05-18,291.9753086419753,False
2018-05-19,345.0617283950617,False
2018-05-20,318.5185185185185,False
2018-05-21,291.9753086419753,False
2018-05-22,265.4320987654321,False
2018-05-23,371.6049382716049,False
2018-05-24,424.69135802469134,False
2018-05-25,265.4320987654321,False
2018-05-26,291.9753086419753,False
2018-05-27,238.88888888888889,False
2018-05-28,291.9753086419753,False
2018-05-29,265.4320987654321,False
2018-05-30,291.9753086419753,False
2018-05-31,265.4320987654321,False
2018-06-01,265.4320987654321,False
2018-06-02,318.5185185185185,False
2018-06-03,291.9753086419753,False
2018-06-04,291.9753086419753,False
2018-06-05,212.34567901234567,False
2018-06-06,318.5185185185185,False
2018-06-07,345.0617283950617,False
2018-06-08,265.4320987654321,False
2018-06-09,238.88888888888889,False
2018-06-10,345.0617283950617,False
2018-06-11,424.69135802469134,False
2018-06-12,424.69135802469134,False
2018-06-13,477.77777777777777,False
2018-06-14,451.2345679012345,False
2018-06-15,291.9753086419753,False
2018-06-16,345.0617283950617,False
2018-06-17,212.34567901234567,False
2018-06-18,291.9753086419753,False
2018-06-19,238.88888888888889,False
2018-06-20,291.9753086419753,False
2018-06-21,371.6049382716049,False
2018-06-22,371.6049382716049,False
2018-06-23,371.6049382716049,False
2018-06-24,398.14814814814815,False
2018-06-25,238.88888888888889,False
2018-06-26,238.88888888888889,False
2018-06-27,318.5185185185185,False
2018-06-28,318.5185185185185,False
2018-06-29,345.0617283950617,False
2018-06-30,318.5185185185185,False
2018-07-01,291.9753086419753,False
2018-07-02,238.88888888888889,False
2018-07-03,371.6049382716049,False
2018-07-04,238.88888888888889,False
2018-07-05,212.34567901234567,False
2018-07-06,238.88888888888889,False
2018-07-07,291.9753086419753,False
2018-07-08,265.4320987654321,False
2018-07-09,185.80246913580245,False
2018-07-10,238.88888888888889,False
2018-07-11,265.4320987654321,False
2018-07-12,265.4320987654321,False
2018-07-13,238.88888888888889,False
2018-07-14,291.9753086419753,False
2018-07-15,238.88888888888889,False
2018-07-16,318.5185185185185,False
2018-07-17,291.9753086419753,False
2018-07-18,371.6049382716049,False
2018-07-19,291.9753086419753,False
2018-07-20,238.88888888888889,False
2018-07-21,291.9753086419753,False
2018-07-22,265.4320987654321,False
2018-07-23,291.9753086419753,False
2018-07-24,371.6049382716049,False
2018-07-25,398.14814814814815,False
2018-07-26,291.9753086419753,False
2018-07-27,291.9753086419753,False
2018-07-28,185.80246913580245,False
2018-07-29,238.88888888888889,False
2018-07-30,238.88888888888889,False
2018-07-31,265.4320987654321,False
2018-08-01,212.34567901234567,False
2018-08-02,291.9753086419753,False
2018-08-03,265.4320987654321,False
2018-08-04,212.34567901234567,False
2018-08-05,212.34567901234567,False
2018-08-06,238.88888888888889,False
2018-08-07,371.6049382716049,False
2018-08-08,371.6049382716049,False
2018-08-09,345.0617283950617,False
2018-08-10,318.5185185185185,False
2018-08-11,291.9753086419753,False
2018-08-12,212.34567901234567,False
2018-08-13,318.5185185185185,False
2018-08-14,477.77777777777777,False
2018-08-15,318.5185185185185,False
2018-08-16,345.0617283950617,False
2018-08-17,291.9753086419753,False
2018-08-18,318.5185185185185,False
2018-08-19,406.61938534278954,False
2018-08-20,420.1733648542159,False
2018-08-21,393.06540583136325,False
2018-08-22,359.1804570527974,False
2018-08-23,352.40346729708426,False
2018-08-24,332.07249802994477,False
2018-08-25,352.40346729708426,False
2018-08-26,223.64066193853424,False
2018-08-27,250.74862096138688,False
2018-08-28,420.1733648542159,False
2018-08-29,393.06540583136325,False
2018-08-30,338.84948778565797,False
2018-08-31,291.41055949566584,False
2018-09-01,243.97163120567373,False
2018-09-02,372.73443656422376,False
2018-09-03,325.2955082742316,False
2018-09-04,494.7202521670606,False
2018-09-05,413.3963750985027,False
2018-09-06,332.07249802994477,False
2018-09-07,250.74862096138688,False
2018-09-08,264.3026004728132,False
2018-09-09,271.07959022852634,False
2018-09-10,325.2955082742316,False
2018-09-11,393.06540583136325,False
2018-09-12,365.9574468085106,False
2018-09-13,338.84948778565797,False
2018-09-14,393.06540583136325,False
2018-09-15,406.61938534278954,False
2018-09-16,298.187549251379,False
2018-09-17,203.30969267139477,False
2018-09-18,325.2955082742316,False
2018-09-19,359.1804570527974,False
2018-09-20,393.06540583136325,False
2018-09-21,372.73443656422376,False
2018-09-22,338.84948778565797,False
2018-09-23,298.187549251379,False
2018-09-24,386.28841607565005,False
2018-09-25,298.187549251379,False
2018-09-26,318.5185185185185,False
2018-09-27,386.28841607565005,False
2018-09-28,386.28841607565005,False
2018-09-29,304.9645390070922,False
2018-09-30,386.28841607565005,False
2018-10-01,318.5185185185185,False
2018-10-02,277.85657998423954,False
2018-10-03,277.85657998423954,False
2018-10-04,243.97163120567373,False
2018-10-05,318.5185185185185,False
2018-10-06,230.4176516942474,False
2018-10-07,216.8636721828211,False
2018-10-08,271.07959022852634,False
2018-10-09,149.0937746256895,False
2018-10-10,257.52561071710005,False
2018-10-11,257.52561071710005,False
2018-10-12,237.19464144996056,False
2018-10-13,237.19464144996056,False
2018-10-14,304.9645390070922,False
2018-10-15,298.187549251379,False
2018-10-16,284.6335697399527,False
2018-10-17,304.9645390070922,False
2018-10-18,230.4176516942474,False
2018-10-19,230.4176516942474,False
2018-10-20,169.42474389282899,False
2018-10-21,284.6335697399527,False
2018-10-22,257.52561071710005,False
2018-10-23,243.97163120567373,False
2018-10-24,216.8636721828211,False
2018-10-25,182.9787234042553,False
2018-10-26,216.8636721828211,False
2018-10-27,216.8636721828211,False
2018-10-28,271.07959022852634,False
2018-10-29,291.41055949566584,False
2018-10-30,155.87076438140267,False
2018-10-31,216.8636721828211,False
2018-11-01,264.3026004728132,False
2018-11-02,298.187549251379,False
2018-11-03,182.9787234042553,False
2018-11-04,393.06540583136325,False
2018-11-05,196.53270291568163,False
2018-11-06,291.41055949566584,False
2018-11-07,304.9645390070922,False
2018-11-08,203.30969267139477,False
2018-11-09,277.85657998423954,False
2018-11-10,189.75571315996845,False
2018-11-11,223.64066193853424,False
2018-11-12,196.53270291568163,False
2018-11-13,237.19464144996056,False
2018-11-14,264.3026004728132,False
2018-11-15,318.5185185185185,False
2018-11-16,298.187549251379,False
2018-11-17,182.9787234042553,False
2018-11-18,284.6335697399527,False
2018-11-19,433.7273443656422,False
2018-11-20,603.1520882584712,False
2018-11-21,250.74862096138688,False
2018-11-22,372.73443656422376,False
2018-11-23,257.52561071710005,False
2018-11-24,338.84948778565797,False
2018-11-25,399.8423955870764,False
2018-11-26,393.06540583136325,False
2018-11-27,257.52561071710005,False
2018-11-28,304.9645390070922,False
2018-11-29,284.6335697399527,False
2018-11-30,291.41055949566584,False
2018-12-01,311.74152876280533,False
2018-12-02,284.6335697399527,False
2018-12-03,223.64066193853424,False
2018-12-04,203.30969267139477,False
2018-12-05,237.19464144996056,False
2018-12-06,318.5185185185185,False
2018-12-07,413.3963750985027,False
2018-12-08,250.74862096138688,False
2018-12-09,332.07249802994477,False
2018-12-10,237.19464144996056,False
2018-12-11,271.07959022852634,False
2018-12-12,223.64066193853424,False
2018-12-13,216.8636721828211,False
2018-12-14,271.07959022852634,False
2018-12-15,318.5185185185185,False
2018-12-16,298.187549251379,False
2018-12-17,386.28841607565005,False
2018-12-18,291.41055949566584,False
2018-12-19,338.84948778565797,False
2018-12-20,298.187549251379,False
2018-12-21,345.6264775413711,False
2018-12-22,210.08668242710795,False
2018-12-23,264.3026004728132,False
2018-12-24,318.5185185185185,False
2018-12-25,311.74152876280533,False
2018-12-26,284.6335697399527,False
2018-12-27,338.84948778565797,False
2018-12-28,352.40346729708426,False
2018-12-29,243.97163120567373,False
2018-12-30,393.06540583136325,False
2018-12-31,264.3026004728132,False
2019-01-01,298.187549251379,False
2019-01-02,243.97163120567373,False
2019-01-03,223.64066193853424,False
2019-01-04,210.08668242710795,False
2019-01-05,345.6264775413711,False
2019-01-06,643.8140267927502,False
2019-01-07,399.8423955870764,False
2019-01-08,338.84948778565797,False
2019-01-09,304.9645390070922,False
2019-01-10,291.41055949566584,False
2019-01-11,196.53270291568163,False
2019-01-12,284.6335697399527,False
2019-01-13,230.4176516942474,False
2019-01-14,223.64066193853424,False
2019-01-15,243.97163120567373,False
2019-01-16,311.74152876280533,False
2019-01-17,196.53270291568163,False
2019-01-18,149.0937746256895,False
2019-01-19,237.19464144996056,False
2019-01-20,223.64066193853424,False
2019-01-21,223.64066193853424,False
2019-01-22,257.52561071710005,False
2019-01-23,277.85657998423954,False
2019-01-24,223.64066193853424,False
2019-01-25,223.64066193853424,False
2019-01-26,237.19464144996056,False
2019-01-27,284.6335697399527,False
2019-01-28,257.52561071710005,False
2019-01-29,189.75571315996845,False
2019-01-30,210.08668242710795,False
2019-01-31,182.9787234042553,False
2019-02-01,216.8636721828211,False
2019-02-02,203.30969267139477,False
2019-02-03,223.64066193853424,False
2019-02-04,257.52561071710005,False
2019-02-05,257.52561071710005,False
2019-02-06,223.64066193853424,False
2019-02-07,203.30969267139477,False
2019-02-08,677.6989755713159,False
2019-02-09,630.2600472813238,False
2019-02-10,562.4901497241922,False
2019-02-11,440.5043341213553,False
2019-02-12,237.19464144996056,False
2019-02-13,284.6335697399527,False
2019-02-14,325.2955082742316,False
2019-02-15,325.2955082742317,False
2019-02-16,325.2955082742317,False
2019-02-17,357.8250591016548,False
2019-02-18,390.354609929078,False
2019-02-19,341.56028368794324,False
2019-02-20,601.7966903073285,False
2019-02-21,487.94326241134746,False
2019-02-22,422.88416075650116,False
2019-02-23,374.0898345153664,False
2019-02-24,455.4137115839243,False
2019-02-25,357.8250591016548,False
2019-02-26,292.7659574468085,False
2019-02-27,325.2955082742317,False
2019-02-28,455.4137115839243,False
2019-03-01,374.0898345153664,False
2019-03-02,292.7659574468085,False
2019-03-03,357.8250591016548,False
2019-03-04,162.64775413711584,False
2019-03-05,357.8250591016548,False
2019-03-06,520.4728132387706,False
2019-03-07,666.8557919621749,False
2019-03-08,406.61938534278954,False
2019-03-09,390.354609929078,False
2019-03-10,325.2955082742317,False
2019-03-11,309.03073286052006,False
2019-03-12,325.2955082742317,False
2019-03-13,471.6784869976359,False
2019-03-14,260.2364066193853,False
2019-03-15,292.7659574468085,False
2019-03-16,487.94326241134746,False
2019-03-17,439.1489361702127,False
2019-03-18,341.56028368794324,False
2019-03-19,341.56028368794324,False
2019-03-20,374.0898345153664,False
2019-03-21,406.61938534278954,False
2019-03-22,260.2364066193853,False
2019-03-23,211.44208037825058,False
2019-03-24,260.2364066193853,False
2019-03-25,276.5011820330969,False
2019-03-26,341.56028368794324,False
2019-03-27,357.8250591016548,False
2019-03-28,227.70685579196214,False
2019-03-29,243.97163120567373,False
2019-03-30,325.2955082742317,False
2019-03-31,309.03073286052006,False
2019-04-01,390.354609929078,False
2019-04-02,845.7683215130023,False
2019-04-03,1398.7706855791962,False
2019-04-04,959.6217494089834,False
2019-04-05,455.4137115839243,False
2019-04-06,634.3262411347517,False
2019-04-07,650.5910165484634,False
2019-04-08,536.7375886524823,False
2019-04-09,439.1489361702127,False
2019-04-10,504.2080378250591,False
2019-04-11,455.4137115839243,False
2019-04-12,309.03073286052006,False
2019-04-13,390.354609929078,False
2019-04-14,357.8250591016548,False
2019-04-15,357.8250591016548,False
2019-04-16,309.03073286052006,False
2019-04-17,309.03073286052006,False
2019-04-18,536.7375886524823,False
2019-04-19,276.5011820330969,False
2019-04-20,309.03073286052006,False
2019-04-21,406.61938534278954,False
2019-04-22,341.56028368794324,False
2019-04-23,374.0898345153664,False
2019-04-24,422.88416075650116,False
2019-04-25,276.5011820330969,False
2019-04-26,341.56028368794324,False
2019-04-27,374.0898345153664,False
2019-04-28,260.2364066193853,False
2019-04-29,374.0898345153664,False
2019-04-30,487.94326241134746,False
2019-05-01,357.8250591016548,False
2019-05-02,260.2364066193853,False
2019-05-03,325.2955082742317,False
2019-05-04,260.2364066193853,False
2019-05-05,325.2955082742317,False
2019-05-06,390.354609929078,False
2019-05-07,357.8250591016548,False
2019-05-08,341.56028368794324,False
2019-05-09,406.61938534278954,False
2019-05-10,406.61938534278954,False
2019-05-11,569.2671394799054,False
2019-05-12,504.2080378250591,False
2019-05-13,601.7966903073285,False
2019-05-14,715.6501182033096,False
2019-05-15,748.1796690307328,False
2019-05-16,748.1796690307328,False
2019-05-17,471.6784869976359,False
2019-05-18,536.7375886524823,False
2019-05-19,455.4137115839243,False
2019-05-20,455.4137115839243,False
2019-05-21,536.7375886524823,False
2019-05-22,536.7375886524823,False
2019-05-23,325.2955082742317,False
2019-05-24,634.3262411347517,False
2019-05-25,683.1205673758865,False
2019-05-26,715.6501182033096,False
2019-05-27,1040.9456264775413,False
2019-05-28,780.709219858156,False
2019-05-29,683.1205673758865,False
2019-05-30,715.6501182033096,False
2019-05-31,601.7966903073285,False
2019-06-01,634.3262411347517,False
2019-06-02,504.2080378250591,False
2019-06-03,439.1489361702127,False
2019-06-04,618.0614657210401,False
2019-06-05,325.2955082742317,False
2019-06-06,422.88416075650116,False
2019-06-07,910.8274231678486,False
2019-06-08,504.2080378250591,False
2019-06-09,585.531914893617,False
2019-06-10,748.1796690307328,False
2019-06-11,1024.6808510638298,False
2019-06-12,1626.4775413711582,False
2019-06-13,943.3569739952718,False
2019-06-14,894.5626477541371,False
2019-06-15,796.9739952718676,False
2019-06-16,1138.5342789598108,False
2019-06-17,780.709219858156,False
2019-06-18,813.2387706855791,False
2019-06-19,683.1205673758865,False
2019-06-20,878.2978723404254,False
2019-06-21,634.3262411347517,False
2019-06-22,1008.4160756501182,False
2019-06-23,699.3853427895981,False
2019-06-24,764.4444444444443,False
2019-06-25,780.709219858156,False
2019-06-26,1089.739952718676,False
2019-06-27,1008.4160756501182,False
2019-06-28,666.8557919621749,False
2019-06-29,715.6501182033096,False
2019-06-30,666.8557919621749,False
2019-07-01,520.4728132387706,False
2019-07-02,618.0614657210401,False
2019-07-03,618.0614657210401,False
2019-07-04,536.7375886524823,False
2019-07-05,487.94326241134746,False
2019-07-06,536.7375886524823,False
2019-07-07,406.61938534278954,False
2019-07-08,471.6784869976359,False
2019-07-09,601.7966903073285,False
2019-07-10,666.8557919621749,False
2019-07-11,471.6784869976359,False
2019-07-12,504.2080378250591,False
2019-07-13,553.0023640661938,False
2019-07-14,650.5910165484634,False
2019-07-15,569.2671394799054,False
2019-07-16,618.0614657210401,False
2019-07-17,618.0614657210401,False
2019-07-18,748.1796690307328,False
2019-07-19,487.94326241134746,False
2019-07-20,569.2671394799054,False
2019-07-21,374.0898345153664,False
2019-07-22,455.4137115839243,False
2019-07-23,422.88416075650116,False
2019-07-24,471.6784869976359,False
2019-07-25,553.0023640661938,False
2019-07-26,390.354609929078,False
2019-07-27,390.354609929078,False
2019-07-28,422.88416075650116,False
2019-07-29,422.88416075650116,False
2019-07-30,390.354609929078,False
2019-07-31,601.7966903073285,False
2019-08-01,520.4728132387706,False
2019-08-02,634.3262411347517,False
2019-08-03,585.531914893617,False
2019-08-04,699.3853427895981,False
2019-08-05,910.8274231678486,False
2019-08-06,618.0614657210401,False
2019-08-07,455.4137115839243,False
2019-08-08,406.61938534278954,False
2019-08-09,471.6784869976359,False
2019-08-10,357.8250591016548,False
2019-08-11,455.4137115839243,False
2019-08-12,536.7375886524823,False
2019-08-13,390.354609929078,False
2019-08-14,410.8995893990294,False
2019-08-15,487.94326241134746,False
2019-08-16,333.8559163867114,False
2019-08-17,400.6270996640537,False
2019-08-18,380.08212019410223,False
2019-08-19,395.4908547965658,False
2019-08-20,292.76595744680844,False
2019-08-21,390.3546099290779,False
2019-08-22,369.8096304591265,False
2019-08-23,292.76595744680844,False
2019-08-24,282.49346771183275,False
2019-08-25,297.90220231429635,False
2019-08-26,287.6297125793206,False
2019-08-27,323.5834266517357,False
2019-08-28,267.08473310936915,False
2019-08-29,400.6270996640537,False
2019-08-30,287.6297125793206,False
2019-08-31,297.90220231429635,False
2019-09-01,190.04106009705112,False
2019-09-02,297.90220231429635,False
2019-09-03,256.8122433743934,False
2019-09-04,303.0384471817842,False
2019-09-05,267.08473310936915,False
2019-09-06,369.8096304591265,False
2019-09-07,380.08212019410223,False
2019-09-08,338.9921612541993,False
2019-09-09,231.13101903695406,False
2019-09-10,416.03583426651727,False
2019-09-11,303.0384471817842,False
2019-09-12,236.2672639044419,False
2019-09-13,303.0384471817842,False
2019-09-14,205.4497946995147,False
2019-09-15,277.35722284434485,False
2019-09-16,210.5860395670026,False
2019-09-17,369.8096304591265,False
2019-09-18,395.4908547965658,False
2019-09-19,318.4471817842478,False
2019-09-20,359.53714072415073,False
2019-09-21,205.4497946995147,False
2019-09-22,215.72228443449046,False
2019-09-23,220.8585293019783,False
2019-09-24,513.6244867487868,False
2019-09-25,457.1257932064202,False
2019-09-26,400.6270996640537,False
2019-09-27,277.35722284434485,False
2019-09-28,323.5834266517357,False
2019-09-29,225.99477416946618,False
2019-09-30,303.0384471817842,False
2019-10-01,241.40350877192978,False
2019-10-02,297.90220231429635,False
2019-10-03,303.0384471817842,False
2019-10-04,231.13101903695406,False
2019-10-05,184.90481522956324,False
2019-10-06,164.35983575961177,False
2019-10-07,256.8122433743934,False
2019-10-08,272.220977976857,False
2019-10-09,225.99477416946618,False
2019-10-10,251.67599850690553,False
2019-10-11,138.67861142217242,False
2019-10-12,282.49346771183275,False
2019-10-13,246.53975363941765,False
2019-10-14,256.8122433743934,False
2019-10-15,267.08473310936915,False
2019-10-16,220.8585293019783,False
2019-10-17,220.8585293019783,False
2019-10-18,215.72228443449046,False
2019-10-19,200.31354983202684,False
2019-10-20,231.13101903695406,False
2019-10-21,179.76857036207537,False
2019-10-22,241.40350877192978,False
2019-10-23,277.35722284434485,False
2019-10-24,200.31354983202684,False
2019-10-25,287.6297125793206,False
2019-10-26,441.7170586039566,False
2019-10-27,297.90220231429635,False
2019-10-28,246.53975363941765,False
2019-10-29,323.5834266517357,False
2019-10-30,215.72228443449046,False
2019-10-31,179.76857036207537,False
2019-11-01,236.2672639044419,False
2019-11-02,174.63232549458752,False
2019-11-03,236.2672639044419,False
2019-11-04,205.4497946995147,False
2019-11-05,333.8559163867114,False
2019-11-06,267.08473310936915,False
2019-11-07,210.5860395670026,False
2019-11-08,215.72228443449046,False
2019-11-09,256.8122433743934,False
2019-11-10,236.2672639044419,False
2019-11-11,236.2672639044419,False
2019-11-12,138.67861142217242,False
2019-11-13,195.17730496453896,False
2019-11-14,210.5860395670026,False
2019-11-15,225.99477416946618,False
2019-11-16,179.76857036207537,False
2019-11-17,292.76595744680844,False
2019-11-18,205.4497946995147,False
2019-11-19,231.13101903695406,False
2019-11-20,179.76857036207537,False
2019-11-21,292.76595744680844,False
2019-11-22,282.49346771183275,False
2019-11-23,374.9458753266143,False
2019-11-24,195.17730496453896,False
2019-11-25,261.94848824188125,False
2019-11-26,272.220977976857,False
2019-11-27,261.94848824188125,False
2019-11-28,184.90481522956324,False
2019-11-29,267.08473310936915,False
2019-11-30,205.4497946995147,False
2019-12-01,236.2672639044419,False
2019-12-02,200.31354983202684,False
2019-12-03,272.220977976857,False
2019-12-04,210.5860395670026,False
2019-12-05,225.99477416946618,False
2019-12-06,118.13363195222095,False
2019-12-07,231.13101903695406,False
2019-12-08,210.5860395670026,False
2019-12-09,138.67861142217242,False
2019-12-10,241.40350877192978,False
2019-12-11,225.99477416946618,False
2019-12-12,225.99477416946618,False
2019-12-13,251.67599850690553,False
2019-12-14,174.63232549458752,False
2019-12-15,205.4497946995147,False
2019-12-16,200.31354983202684,False
2019-12-17,354.4008958566629,False
2019-12-18,282.49346771183275,False
2019-12-19,174.63232549458752,False
2019-12-20,179.76857036207537,False
2019-12-21,195.17730496453896,False
2019-12-22,287.6297125793206,False
2019-12-23,287.6297125793206,False
2019-12-24,148.95110115714817,False
2019-12-25,297.90220231429635,False
2019-12-26,287.6297125793206,False
2019-12-27,241.40350877192978,False
2019-12-28,267.08473310936915,False
2019-12-29,256.8122433743934,False
2019-12-30,246.53975363941765,False
2019-12-31,200.31354983202684,False
2020-01-01,210.5860395670026,False
2020-01-02,282.49346771183275,False
2020-01-03,215.72228443449046,False
2020-01-04,184.90481522956324,False
2020-01-05,256.8122433743934,False
2020-01-06,282.49346771183275,False
2020-01-07,297.90220231429635,False
2020-01-08,338.9921612541993,False
2020-01-09,323.5834266517357,False
2020-01-10,308.17469204927204,False
2020-01-11,333.8559163867114,False
2020-01-12,256.8122433743934,False
2020-01-13,344.12840612168714,False
2020-01-14,426.308324001493,False
2020-01-15,374.9458753266143,False
2020-01-16,292.76595744680844,False
2020-01-17,359.53714072415073,False
2020-01-18,380.08212019410223,False
2020-01-19,323.5834266517357,False
2020-01-20,195.17730496453896,False
2020-01-21,246.53975363941765,False
2020-01-22,184.90481522956324,False
2020-01-23,261.94848824188125,False
2020-01-24,236.2672639044419,False
2020-01-25,246.53975363941765,False
2020-01-26,190.04106009705112,False
2020-01-27,303.0384471817842,False
2020-01-28,236.2672639044419,False
2020-01-29,272.220977976857,False
2020-01-30,457.1257932064202,False
2020-01-31,338.9921612541993,False
2020-02-01,467.39828294139596,False
2020-02-02,374.9458753266143,False
2020-02-03,338.9921612541993,False
2020-02-04,349.26465098917504,False
2020-02-05,344.12840612168714,False
2020-02-06,400.6270996640537,False
2020-02-07,349.26465098917504,False
2020-02-08,421.1720791340052,False
2020-02-09,487.94326241134746,False
2020-02-10,421.40554480980006,False
2020-02-11,273.5439501396948,False
2020-02-12,532.3017408123791,False
2020-02-13,487.94326241134746,False
2020-02-14,428.7986245433054,False
2020-02-15,251.364710939179,False
2020-02-16,362.260906941758,False
2020-02-17,362.260906941758,False
2020-02-18,391.833225875779,False
2020-02-19,450.97786374382116,False
2020-02-20,332.68858800773694,False
2020-02-21,295.7231893402106,False
2020-02-22,369.65398667526324,False
2020-02-23,354.8678272082527,False
2020-02-24,406.61938534278954,False
2020-02-25,266.15087040618954,False
2020-02-26,288.3301096067053,False
2020-02-27,347.47474747474746,False
2020-02-28,362.260906941758,False
2020-02-29,229.1854717386632,False
2020-03-01,280.93702987320006,False
2020-03-02,317.90242854072636,False
2020-03-03,236.57855147216847,False
2020-03-04,258.7577906726843,False
2020-03-05,243.97163120567373,False
2020-03-06,266.15087040618954,False
2020-03-07,177.43391360412636,False
2020-03-08,288.3301096067053,False
2020-03-09,421.40554480980006,False
2020-03-10,295.7231893402106,False
2020-03-11,288.3301096067053,False
2020-03-12,414.0124650762948,False
2020-03-13,739.3079733505265,False
2020-03-14,354.8678272082527,False
2020-03-15,303.11626907371584,False
2020-03-16,480.5501826778422,False
2020-03-17,436.19170427681064,False
2020-03-18,332.68858800773694,False
2020-03-19,362.260906941758,False
2020-03-20,406.61938534278954,False
2020-03-21,280.93702987320006,False
2020-03-22,295.7231893402106,False
2020-03-23,325.2955082742316,False
2020-03-24,384.44014614227376,False
2020-03-25,295.7231893402106,False
2020-03-26,280.93702987320006,False
2020-03-27,273.5439501396948,False
2020-03-28,243.97163120567373,False
2020-03-29,258.7577906726843,False
2020-03-30,251.364710939179,False
2020-03-31,221.79239200515795,False
2020-04-01,251.364710939179,False
2020-04-02,325.2955082742316,False
2020-04-03,280.93702987320006,False
2020-04-04,258.7577906726843,False
2020-04-05,207.0062325381474,False
2020-04-06,258.7577906726843,False
2020-04-07,377.0470664087685,False
2020-04-08,317.90242854072636,False
2020-04-09,332.68858800773694,False
2020-04-10,280.93702987320006,False
2020-04-11,317.90242854072636,False
2020-04-12,140.46851493660003,False
2020-04-13,303.11626907371584,False
2020-04-14,303.11626907371584,False
2020-04-15,295.7231893402106,False
2020-04-16,310.5093488072211,False
2020-04-17,214.3993122716527,False
2020-04-18,288.3301096067053,False
2020-04-19,258.7577906726843,False
2020-04-20,266.15087040618954,False
2020-04-21,229.1854717386632,False
2020-04-22,214.3993122716527,False
2020-04-23,288.3301096067053,False
2020-04-24,340.0816677412422,False
2020-04-25,229.1854717386632,False
2020-04-26,332.68858800773694,False
2020-04-27,258.7577906726843,False
2020-04-28,310.5093488072211,False
2020-04-29,317.90242854072636,False
2020-04-30,421.40554480980006,False
2020-05-01,303.11626907371584,False
2020-05-02,266.15087040618954,False
2020-05-03,332.68858800773694,False
2020-05-04,340.0816677412422,False
2020-05-05,258.7577906726843,False
2020-05-06,384.44014614227376,False
2020-05-07,369.65398667526324,False
2020-05-08,354.8678272082527,False
2020-05-09,384.44014614227376,False
2020-05-10,421.40554480980006,False
2020-05-11,391.833225875779,False
2020-05-12,332.68858800773694,False
2020-05-13,288.3301096067053,False
2020-05-14,303.11626907371584,False
2020-05-15,214.3993122716527,False
2020-05-16,340.0816677412422,False
2020-05-17,421.40554480980006,False
2020-05-18,303.11626907371584,False
2020-05-19,280.93702987320006,False
2020-05-20,221.79239200515795,False
2020-05-21,273.5439501396948,False
2020-05-22,273.5439501396948,False
2020-05-23,243.97163120567373,False
2020-05-24,243.97163120567373,False
2020-05-25,317.90242854072636,False
2020-05-26,266.15087040618954,False
2020-05-27,221.79239200515795,False
2020-05-28,266.15087040618954,False
2020-05-29,221.79239200515795,False
2020-05-30,236.57855147216847,False
2020-05-31,170.0408338706211,False
2020-06-01,236.57855147216847,False
2020-06-02,332.68858800773694,False
2020-06-03,192.22007307113688,False
2020-06-04,310.5093488072211,False
2020-06-05,214.3993122716527,False
2020-06-06,310.5093488072211,False
2020-06-07,251.364710939179,False
2020-06-08,236.57855147216847,False
2020-06-09,199.61315280464214,False
2020-06-10,221.79239200515795,False
2020-06-11,177.43391360412636,False
2020-06-12,243.97163120567373,False
2020-06-13,207.0062325381474,False
2020-06-14,251.364710939179,False
2020-06-15,177.43391360412636,False
2020-06-16,199.61315280464214,False
2020-06-17,177.43391360412636,False
2020-06-18,162.6477541371158,False
2020-06-19,214.3993122716527,False
2020-06-20,192.22007307113688,False
2020-06-21,192.22007307113688,False
2020-06-22,184.82699333763162,False
2020-06-23,280.93702987320006,False
2020-06-24,147.8615946701053,False
2020-06-25,266.15087040618954,False
2020-06-26,243.97163120567373,False
2020-06-27,170.0408338706211,False
2020-06-28,103.5031162690737,False
2020-06-29,199.61315280464214,False
2020-06-30,280.93702987320006,False
2020-07-01,258.7577906726843,False
2020-07-02,133.07543520309477,False
2020-07-03,147.8615946701053,False
2020-07-04,192.22007307113688,False
2020-07-05,288.3301096067053,False
2020-07-06,236.57855147216847,False
2020-07-07,221.79239200515795,False
2020-07-08,236.57855147216847,False
2020-07-09,273.5439501396948,False
2020-07-10,170.0408338706211,False
2020-07-11,243.97163120567373,False
2020-07-12,133.07543520309477,False
2020-07-13,133.07543520309477,False
2020-07-14,243.97163120567373,False
2020-07-15,221.79239200515795,False
2020-07-16,214.3993122716527,False
2020-07-17,243.97163120567373,False
2020-07-18,133.07543520309477,False
2020-07-19,147.8615946701053,False
2020-07-20,214.3993122716527,False
2020-07-21,295.7231893402106,False
2020-07-22,207.0062325381474,False
2020-07-23,170.0408338706211,False
2020-07-24,295.7231893402106,False
2020-07-25,362.260906941758,False
2020-07-26,362.260906941758,False
2020-07-27,450.97786374382116,False
2020-07-28,495.3363421448527,False
2020-07-29,421.40554480980006,False
2020-07-30,450.97786374382116,False
2020-07-31,524.9086610788738,False
2020-08-01,465.7640232108317,False
2020-08-02,450.97786374382116,False
2020-08-03,377.0470664087685,False
2020-08-04,428.7986245433054,False
2020-08-05,340.0816677412422,False
2020-08-06,347.47474747474746,False
2020-08-07,303.11626907371584,False
2020-08-08,223.3488298437906,False
2020-08-09,207.3953419978056,False
2020-08-10,207.3953419978056,False
2020-08-11,223.3488298437906,False
2020-08-12,159.53487845985046,False
2020-08-13,191.44185415182054,False
2020-08-14,159.53487845985046,False
2020-08-15,239.30231768977566,False
2020-08-16,271.20929338174574,False
2020-08-17,335.02324476568594,False
2020-08-18,319.0697569197009,False
2020-08-19,239.30231768977566,False
2020-08-20,207.3953419978056,False
2020-08-21,271.20929338174574,False
2020-08-22,207.3953419978056,False
2020-08-23,287.1627812277308,False
2020-08-24,191.44185415182054,False
2020-08-25,223.3488298437906,False
2020-08-26,191.44185415182054,False
2020-08-27,239.30231768977566,False
2020-08-28,191.44185415182054,False
2020-08-29,159.53487845985046,False
2020-08-30,159.53487845985046,False
2020-08-31,239.30231768977566,False
2020-09-01,207.3953419978056,False
2020-09-02,191.44185415182054,False
2020-09-03,191.44185415182054,False
2020-09-04,207.3953419978056,False
2020-09-05,175.48836630583548,False
2020-09-06,159.53487845985046,False
2020-09-07,143.5813906138654,False
2020-09-08,111.6744149218953,False
2020-09-09,111.6744149218953,False
2020-09-10,111.6744149218953,False
2020-09-11,159.53487845985046,False
2020-09-12,143.5813906138654,False
2020-09-13,127.62790276788036,False
2020-09-14,143.5813906138654,False
2020-09-15,159.53487845985046,False
2020-09-16,207.3953419978056,False
2020-09-17,127.62790276788036,False
2020-09-18,95.72092707591027,False
2020-09-19,159.53487845985046,False
2020-09-20,159.53487845985046,False
2020-09-21,143.5813906138654,False
2020-09-22,143.5813906138654,False
2020-09-23,175.48836630583548,False
2020-09-24,111.6744149218953,False
2020-09-25,127.62790276788036,False
2020-09-26,159.53487845985046,False
2020-09-27,127.62790276788036,False
2020-09-28,191.44185415182054,False
2020-09-29,95.72092707591027,False
2020-09-30,143.5813906138654,False
2020-10-01,111.6744149218953,False
2020-10-02,127.62790276788036,False
2020-10-03,127.62790276788036,False
2020-10-04,143.5813906138654,False
2020-10-05,127.62790276788036,False
2020-10-06,127.62790276788036,False
2020-10-07,127.62790276788036,False
2020-10-08,159.53487845985046,False
2020-10-09,143.5813906138654,False
2020-10-10,159.53487845985046,False
2020-10-11,79.76743922992523,False
2020-10-12,239.30231768977566,False
2020-10-13,191.44185415182054,False
2020-10-14,143.5813906138654,False
2020-10-15,159.53487845985046,False
2020-10-16,127.62790276788036,False
2020-10-17,175.48836630583548,False
2020-10-18,127.62790276788036,False
2020-10-19,111.6744149218953,False
2020-10-20,159.53487845985046,False
2020-10-21,207.3953419978056,False
2020-10-22,271.20929338174574,False
2020-10-23,223.3488298437906,False
2020-10-24,271.20929338174574,False
2020-10-25,271.20929338174574,False
2020-10-26,223.3488298437906,False
2020-10-27,191.44185415182054,False
2020-10-28,207.3953419978056,False
2020-10-29,191.44185415182054,False
2020-10-30,175.48836630583548,False
2020-10-31,191.44185415182054,False
2020-11-01,159.53487845985046,False
2020-11-02,191.44185415182054,False
2020-11-03,175.48836630583548,False
2020-11-04,127.62790276788036,False
2020-11-05,255.25580553576071,False
2020-11-06,223.3488298437906,False
2020-11-07,287.1627812277308,False
2020-11-08,223.3488298437906,False
2020-11-09,175.48836630583548,False
2020-11-10,191.44185415182054,False
2020-11-11,143.5813906138654,False
2020-11-12,255.25580553576071,False
2020-11-13,271.20929338174574,False
2020-11-14,255.25580553576071,False
2020-11-15,287.1627812277308,False
2020-11-16,382.8837083036411,False
2020-11-17,430.7441718415962,False
2020-11-18,414.7906839956112,False
2020-11-19,574.3255624554616,False
2020-11-20,494.5581232255364,False
2020-11-21,446.6976596875812,False
2020-11-22,414.7906839956112,False
2020-11-23,510.51161107152143,False
2020-11-24,510.51161107152143,False
2020-11-25,446.6976596875812,False
2020-11-26,382.8837083036411,False
2020-11-27,303.11626907371584,False
2020-11-28,287.1627812277308,False
2020-11-29,287.1627812277308,False
2020-11-30,366.93022045765605,False
2020-12-01,335.02324476568594,False
2020-12-02,287.1627812277308,False
2020-12-03,366.93022045765605,False
2020-12-04,335.02324476568594,False
2020-12-05,319.0697569197009,False
2020-12-06,271.20929338174574,False
2020-12-07,271.20929338174574,False
2020-12-08,239.30231768977566,False
2020-12-09,271.20929338174574,False
2020-12-10,287.1627812277308,False
2020-12-11,223.3488298437906,False
2020-12-12,223.3488298437906,False
2020-12-13,255.25580553576071,False
2020-12-14,271.20929338174574,False
2020-12-15,223.3488298437906,False
2020-12-16,366.93022045765605,False
2020-12-17,861.4883436831924,False
2020-12-18,638.1395138394018,False
2020-12-19,765.7674166072821,False
2020-12-20,670.0464895313719,False
2020-12-21,654.0930016853869,False
2020-12-22,622.1860259934167,False
2020-12-23,606.2325381474317,False
2020-12-24,382.8837083036411,False
2020-12-25,654.0930016853869,False
2020-12-26,941.2557829131176,False
2020-12-27,1084.837173526983,False
2020-12-28,797.6743922992522,False
2020-12-29,638.1395138394018,False
2020-12-30,701.9534652233419,False
2020-12-31,558.3720746094766,False
2021-01-01,685.9999773773569,False
2021-01-02,1021.0232221430429,False
2021-01-03,1563.4418089065343,False
2021-01-04,1435.813906138654,False
2021-01-05,1180.5581006028933,False
2021-01-06,1292.2325155247886,False
2021-01-07,1595.3487845985044,False
2021-01-08,1387.953442600699,False
2021-01-09,1547.4883210605494,False
2021-01-10,1451.767393984639,False
2021-01-11,1212.4650762948634,False
2021-01-12,1021.0232221430429,False
2021-01-13,829.5813679912224,False
2021-01-14,957.2092707591027,False
2021-01-15,845.5348558372074,False
2021-01-16,861.4883436831924,False
2021-01-17,638.1395138394018,False
2021-01-18,733.8604409153121,False
2021-01-19,925.3022950671326,False
2021-01-20,733.8604409153121,False
2021-01-21,701.9534652233419,False
2021-01-22,558.3720746094766,False
2021-01-23,574.3255624554616,False
2021-01-24,494.5581232255364,False
2021-01-25,733.8604409153121,False
2021-01-26,574.3255624554616,False
2021-01-27,701.9534652233419,False
2021-01-28,749.8139287612971,False
2021-01-29,893.3953193751624,False
2021-01-30,765.7674166072821,False
2021-01-31,749.8139287612971,False
2021-02-01,685.9999773773569,False
2021-02-02,654.0930016853869,False
2021-02-03,813.6278801452373,False
2021-02-04,846.8371813756552,False
2021-02-05,747.2092776844016,False
2021-02-06,913.2557838364909,False
2021-02-07,929.8604344516998,False
2021-02-08,929.8604344516998,False
2021-02-09,1344.9766998319228,False
2021-02-10,1544.23250721443,False
2021-02-11,1162.3255430646248,False
2021-02-12,1095.906940603789,False
2021-02-13,1660.4650615208925,False
2021-02-14,1660.4650615208925,False
2021-02-15,1344.9766998319228,False
2021-02-16,1095.906940603789,False
2021-02-17,1394.7906516775497,False
2021-02-18,1212.1394949102514,False
2021-02-19,1361.5813504471319,False
2021-02-20,1560.837157829639,False
2021-02-21,1311.7673986015052,False
2021-02-22,1328.372049216714,False
2021-02-23,1245.3487961406695,False
2021-02-24,1095.906940603789,False
2021-02-25,929.8604344516998,False
2021-02-26,846.8371813756552,False
2021-02-27,797.0232295300284,False
2021-02-28,830.2325307604463,False
2021-03-01,813.6278801452373,False
2021-03-02,747.2092776844016,False
2021-03-03,747.2092776844016,False
2021-03-04,713.9999764539838,False
2021-03-05,614.3720727627302,False
2021-03-06,630.9767233779392,False
2021-03-07,697.3953258387749,False
2021-03-08,697.3953258387749,False
2021-03-09,863.4418319908641,False
2021-03-10,863.4418319908641,False
2021-03-11,747.2092776844016,False
2021-03-12,830.2325307604463,False
2021-03-13,1029.4883381429534,False
2021-03-14,963.0697356821177,False
2021-03-15,896.651133221282,False
2021-03-16,780.4185789148195,False
2021-03-17,747.2092776844016,False
2021-03-18,730.6046270691927,False
2021-03-19,597.7674221475213,False
2021-03-20,564.5581209171035,False
2021-03-21,614.3720727627302,False
2021-03-22,581.1627715323124,False
2021-03-23,514.7441690714767,False
2021-03-24,564.5581209171035,False
2021-03-25,514.7441690714767,False
2021-03-26,464.9302172258499,False
2021-03-27,514.7441690714767,False
2021-03-28,398.5116147650142,False
2021-03-29,531.3488196866856,False
2021-03-30,564.5581209171035,False
2021-03-31,547.9534703018945,False
2021-04-01,614.3720727627302,False
2021-04-02,747.2092776844016,False
2021-04-03,813.6278801452373,False
2021-04-04,597.7674221475213,False
