date,ripple,isPartial
2015-01-25,61.0,False
2015-01-26,62.0,False
2015-01-27,64.0,False
2015-01-28,69.0,False
2015-01-29,68.0,False
2015-01-30,63.0,False
2015-01-31,66.0,False
2015-02-01,46.0,False
2015-02-02,73.0,False
2015-02-03,57.0,False
2015-02-04,66.0,False
2015-02-05,83.0,False
2015-02-06,95.0,False
2015-02-07,77.0,False
2015-02-08,56.0,False
2015-02-09,61.0,False
2015-02-10,56.0,False
2015-02-11,72.0,False
2015-02-12,58.0,False
2015-02-13,81.0,False
2015-02-14,82.0,False
2015-02-15,66.0,False
2015-02-16,86.0,False
2015-02-17,58.0,False
2015-02-18,57.0,False
2015-02-19,60.0,False
2015-02-20,50.0,False
2015-02-21,64.0,False
2015-02-22,61.0,False
2015-02-23,69.0,False
2015-02-24,88.0,False
2015-02-25,83.0,False
2015-02-26,65.0,False
2015-02-27,65.0,False
2015-02-28,56.0,False
2015-03-01,56.0,False
2015-03-02,95.0,False
2015-03-03,49.0,False
2015-03-04,72.0,False
2015-03-05,90.0,False
2015-03-06,82.0,False
2015-03-07,72.0,False
2015-03-08,66.0,False
2015-03-09,43.0,False
2015-03-10,81.0,False
2015-03-11,77.0,False
2015-03-12,81.0,False
2015-03-13,72.0,False
2015-03-14,92.0,False
2015-03-15,64.0,False
2015-03-16,71.0,False
2015-03-17,79.0,False
2015-03-18,93.0,False
2015-03-19,83.0,False
2015-03-20,53.0,False
2015-03-21,65.0,False
2015-03-22,68.0,False
2015-03-23,68.0,False
2015-03-24,55.0,False
2015-03-25,81.0,False
2015-03-26,88.0,False
2015-03-27,67.0,False
2015-03-28,80.0,False
2015-03-29,74.0,False
2015-03-30,55.0,False
2015-03-31,67.0,False
2015-04-01,89.0,False
2015-04-02,93.0,False
2015-04-03,57.0,False
2015-04-04,59.0,False
2015-04-05,64.0,False
2015-04-06,59.0,False
2015-04-07,60.0,False
2015-04-08,78.0,False
2015-04-09,75.0,False
2015-04-10,66.0,False
2015-04-11,77.0,False
2015-04-12,85.0,False
2015-04-13,90.0,False
2015-04-14,52.0,False
2015-04-15,99.0,False
2015-04-16,84.0,False
2015-04-17,76.0,False
2015-04-18,70.0,False
2015-04-19,85.0,False
2015-04-20,81.0,False
2015-04-21,75.0,False
2015-04-22,77.0,False
2015-04-23,53.0,False
2015-04-24,59.0,False
2015-04-25,78.0,False
2015-04-26,61.0,False
2015-04-27,95.0,False
2015-04-28,85.0,False
2015-04-29,66.0,False
2015-04-30,54.0,False
2015-05-01,73.0,False
2015-05-02,62.0,False
2015-05-03,61.0,False
2015-05-04,60.0,False
2015-05-05,95.0,False
2015-05-06,69.0,False
2015-05-07,68.0,False
2015-05-08,71.0,False
2015-05-09,71.0,False
2015-05-10,50.0,False
2015-05-11,57.0,False
2015-05-12,65.0,False
2015-05-13,74.0,False
2015-05-14,86.0,False
2015-05-15,93.0,False
2015-05-16,98.0,False
2015-05-17,76.0,False
2015-05-18,68.0,False
2015-05-19,73.0,False
2015-05-20,67.0,False
2015-05-21,55.0,False
2015-05-22,76.0,False
2015-05-23,69.0,False
2015-05-24,54.0,False
2015-05-25,70.0,False
2015-05-26,68.0,False
2015-05-27,70.0,False
2015-05-28,58.0,False
2015-05-29,70.0,False
2015-05-30,54.0,False
2015-05-31,64.0,False
2015-06-01,60.0,False
2015-06-02,74.0,False
2015-06-03,81.0,False
2015-06-04,75.0,False
2015-06-05,66.0,False
2015-06-06,66.0,False
2015-06-07,52.0,False
2015-06-08,72.0,False
2015-06-09,60.0,False
2015-06-10,64.0,False
2015-06-11,76.0,False
2015-06-12,59.0,False
2015-06-13,86.0,False
2015-06-14,69.0,False
2015-06-15,61.0,False
2015-06-16,68.0,False
2015-06-17,67.0,False
2015-06-18,66.0,False
2015-06-19,66.0,False
2015-06-20,68.0,False
2015-06-21,66.0,False
2015-06-22,57.0,False
2015-06-23,56.0,False
2015-06-24,66.0,False
2015-06-25,70.0,False
2015-06-26,81.0,False
2015-06-27,77.0,False
2015-06-28,77.0,False
2015-06-29,87.0,False
2015-06-30,67.0,False
2015-07-01,74.0,False
2015-07-02,62.0,False
2015-07-03,73.0,False
2015-07-04,62.0,False
2015-07-05,82.0,False
2015-07-06,71.0,False
2015-07-07,74.0,False
2015-07-08,89.0,False
2015-07-09,100.0,False
2015-07-10,83.0,False
2015-07-11,67.0,False
2015-07-12,65.0,False
2015-07-13,59.0,False
2015-07-14,72.0,False
2015-07-15,69.0,False
2015-07-16,68.0,False
2015-07-17,74.0,False
2015-07-18,56.0,False
2015-07-19,62.0,False
2015-07-20,80.0,False
2015-07-21,59.0,False
2015-07-22,96.0,False
2015-07-23,55.0,False
2015-07-24,76.0,False
2015-07-25,76.0,False
2015-07-26,74.75409836065575,False
2015-07-27,62.295081967213115,False
2015-07-28,57.31147540983607,False
2015-07-29,66.0327868852459,False
2015-07-30,92.19672131147541,False
2015-07-31,53.57377049180328,False
2015-08-01,66.0327868852459,False
2015-08-02,83.47540983606558,False
2015-08-03,79.73770491803279,False
2015-08-04,69.77049180327869,False
2015-08-05,54.81967213114754,False
2015-08-06,69.77049180327869,False
2015-08-07,88.45901639344262,False
2015-08-08,74.75409836065575,False
2015-08-09,47.34426229508197,False
2015-08-10,89.70491803278689,False
2015-08-11,62.295081967213115,False
2015-08-12,83.47540983606558,False
2015-08-13,77.24590163934427,False
2015-08-14,69.77049180327869,False
2015-08-15,74.75409836065575,False
2015-08-16,73.50819672131148,False
2015-08-17,79.73770491803279,False
2015-08-18,59.80327868852459,False
2015-08-19,72.26229508196721,False
2015-08-20,78.49180327868852,False
2015-08-21,59.80327868852459,False
2015-08-22,59.80327868852459,False
2015-08-23,72.26229508196721,False
2015-08-24,58.55737704918033,False
2015-08-25,63.54098360655738,False
2015-08-26,58.55737704918033,False
2015-08-27,92.19672131147541,False
2015-08-28,82.22950819672131,False
2015-08-29,108.39344262295083,False
2015-08-30,57.31147540983607,False
2015-08-31,73.50819672131148,False
2015-09-01,68.52459016393443,False
2015-09-02,78.49180327868852,False
2015-09-03,85.9672131147541,False
2015-09-04,103.40983606557377,False
2015-09-05,84.72131147540983,False
2015-09-06,92.19672131147541,False
2015-09-07,66.0327868852459,False
2015-09-08,66.0327868852459,False
2015-09-09,78.49180327868852,False
2015-09-10,68.52459016393443,False
2015-09-11,94.68852459016394,False
2015-09-12,93.44262295081968,False
2015-09-13,43.606557377049185,False
2015-09-14,78.49180327868852,False
2015-09-15,87.21311475409837,False
2015-09-16,76.0,False
2015-09-17,103.40983606557377,False
2015-09-18,92.19672131147541,False
2015-09-19,68.52459016393443,False
2015-09-20,88.45901639344262,False
2015-09-21,85.9672131147541,False
2015-09-22,76.0,False
2015-09-23,74.75409836065575,False
2015-09-24,76.0,False
2015-09-25,93.44262295081968,False
2015-09-26,80.98360655737706,False
2015-09-27,112.1311475409836,False
2015-09-28,88.45901639344262,False
2015-09-29,77.24590163934427,False
2015-09-30,98.42622950819673,False
2015-10-01,79.73770491803279,False
2015-10-02,97.18032786885246,False
2015-10-03,90.95081967213115,False
2015-10-04,71.01639344262296,False
2015-10-05,71.01639344262296,False
2015-10-06,100.91803278688525,False
2015-10-07,82.22950819672131,False
2015-10-08,67.27868852459017,False
2015-10-09,76.0,False
2015-10-10,88.45901639344262,False
2015-10-11,73.50819672131148,False
2015-10-12,85.9672131147541,False
2015-10-13,78.49180327868852,False
2015-10-14,68.52459016393443,False
2015-10-15,104.65573770491804,False
2015-10-16,72.26229508196721,False
2015-10-17,79.73770491803279,False
2015-10-18,63.54098360655738,False
2015-10-19,73.50819672131148,False
2015-10-20,64.78688524590164,False
2015-10-21,59.80327868852459,False
2015-10-22,79.73770491803279,False
2015-10-23,90.95081967213115,False
2015-10-24,82.22950819672131,False
2015-10-25,68.52459016393443,False
2015-10-26,82.22950819672131,False
2015-10-27,71.01639344262296,False
2015-10-28,93.44262295081968,False
2015-10-29,66.0327868852459,False
2015-10-30,77.24590163934427,False
2015-10-31,68.52459016393443,False
2015-11-01,85.9672131147541,False
2015-11-02,71.01639344262296,False
2015-11-03,69.77049180327869,False
2015-11-04,64.78688524590164,False
2015-11-05,76.0,False
2015-11-06,88.45901639344262,False
2015-11-07,82.22950819672131,False
2015-11-08,97.18032786885246,False
2015-11-09,93.44262295081968,False
2015-11-10,72.26229508196721,False
2015-11-11,85.9672131147541,False
2015-11-12,90.95081967213115,False
2015-11-13,74.75409836065575,False
2015-11-14,63.54098360655738,False
2015-11-15,64.78688524590164,False
2015-11-16,57.31147540983607,False
2015-11-17,73.50819672131148,False
2015-11-18,98.42622950819673,False
2015-11-19,85.9672131147541,False
2015-11-20,79.73770491803279,False
2015-11-21,79.73770491803279,False
2015-11-22,76.0,False
2015-11-23,84.72131147540983,False
2015-11-24,76.0,False
2015-11-25,80.98360655737706,False
2015-11-26,67.27868852459017,False
2015-11-27,71.01639344262296,False
2015-11-28,85.9672131147541,False
2015-11-29,69.77049180327869,False
2015-11-30,78.49180327868852,False
2015-12-01,78.49180327868852,False
2015-12-02,82.22950819672131,False
2015-12-03,80.98360655737706,False
2015-12-04,66.0327868852459,False
2015-12-05,84.72131147540983,False
2015-12-06,77.24590163934427,False
2015-12-07,85.9672131147541,False
2015-12-08,92.19672131147541,False
2015-12-09,89.70491803278689,False
2015-12-10,80.98360655737706,False
2015-12-11,104.65573770491804,False
2015-12-12,77.24590163934427,False
2015-12-13,64.78688524590164,False
2015-12-14,89.70491803278689,False
2015-12-15,105.90163934426229,False
2015-12-16,102.16393442622952,False
2015-12-17,84.72131147540983,False
2015-12-18,82.22950819672131,False
2015-12-19,72.26229508196721,False
2015-12-20,90.95081967213115,False
2015-12-21,94.68852459016394,False
2015-12-22,124.59016393442623,False
2015-12-23,107.14754098360656,False
2015-12-24,112.1311475409836,False
2015-12-25,67.27868852459017,False
2015-12-26,66.0327868852459,False
2015-12-27,67.27868852459017,False
2015-12-28,43.606557377049185,False
2015-12-29,71.01639344262296,False
2015-12-30,109.63934426229508,False
2015-12-31,63.54098360655738,False
2016-01-01,62.295081967213115,False
2016-01-02,68.52459016393443,False
2016-01-03,80.98360655737706,False
2016-01-04,62.295081967213115,False
2016-01-05,80.98360655737706,False
2016-01-06,80.98360655737706,False
2016-01-07,79.73770491803279,False
2016-01-08,73.50819672131148,False
2016-01-09,64.78688524590164,False
2016-01-10,48.59016393442623,False
2016-01-11,62.295081967213115,False
2016-01-12,73.50819672131148,False
2016-01-13,67.27868852459017,False
2016-01-14,71.01639344262296,False
2016-01-15,83.47540983606558,False
2016-01-16,95.9344262295082,False
2016-01-17,76.0,False
2016-01-18,92.19672131147541,False
2016-01-19,89.70491803278689,False
2016-01-20,74.75409836065575,False
2016-01-21,47.21311475409836,False
2016-01-22,104.91803278688525,False
2016-01-23,90.49180327868854,False
2016-01-24,90.49180327868854,False
2016-01-25,93.11475409836066,False
2016-01-26,76.06557377049181,False
2016-01-27,83.9344262295082,False
2016-01-28,85.24590163934427,False
2016-01-29,86.55737704918033,False
2016-01-30,74.75409836065575,False
2016-01-31,81.31147540983608,False
2016-02-01,89.18032786885247,False
2016-02-02,83.9344262295082,False
2016-02-03,82.62295081967214,False
2016-02-04,108.85245901639345,False
2016-02-05,83.9344262295082,False
2016-02-06,100.98360655737706,False
2016-02-07,70.81967213114754,False
2016-02-08,86.55737704918033,False
2016-02-09,74.75409836065575,False
2016-02-10,86.55737704918033,False
2016-02-11,115.40983606557378,False
2016-02-12,103.60655737704919,False
2016-02-13,103.60655737704919,False
2016-02-14,94.42622950819673,False
2016-02-15,102.29508196721312,False
2016-02-16,98.36065573770493,False
2016-02-17,98.36065573770493,False
2016-02-18,72.13114754098362,False
2016-02-19,62.95081967213115,False
2016-02-20,104.91803278688525,False
2016-02-21,76.06557377049181,False
2016-02-22,86.55737704918033,False
2016-02-23,73.44262295081968,False
2016-02-24,110.16393442622952,False
2016-02-25,93.11475409836066,False
2016-02-26,86.55737704918033,False
2016-02-27,95.73770491803279,False
2016-02-28,83.9344262295082,False
2016-02-29,82.62295081967214,False
2016-03-01,131.14754098360658,False
2016-03-02,103.60655737704919,False
2016-03-03,70.81967213114754,False
2016-03-04,106.22950819672133,False
2016-03-05,110.16393442622952,False
2016-03-06,90.49180327868854,False
2016-03-07,78.68852459016394,False
2016-03-08,73.44262295081968,False
2016-03-09,85.24590163934427,False
2016-03-10,94.42622950819673,False
2016-03-11,91.8032786885246,False
2016-03-12,115.40983606557378,False
2016-03-13,69.50819672131148,False
2016-03-14,72.13114754098362,False
2016-03-15,86.55737704918033,False
2016-03-16,85.24590163934427,False
2016-03-17,85.24590163934427,False
2016-03-18,83.9344262295082,False
2016-03-19,70.81967213114754,False
2016-03-20,74.75409836065575,False
2016-03-21,55.08196721311476,False
2016-03-22,82.62295081967214,False
2016-03-23,93.11475409836066,False
2016-03-24,83.9344262295082,False
2016-03-25,66.88524590163935,False
2016-03-26,77.37704918032787,False
2016-03-27,64.26229508196722,False
2016-03-28,74.75409836065575,False
2016-03-29,74.75409836065575,False
2016-03-30,85.24590163934427,False
2016-03-31,102.29508196721312,False
2016-04-01,72.13114754098362,False
2016-04-02,93.11475409836066,False
2016-04-03,64.26229508196722,False
2016-04-04,73.44262295081968,False
2016-04-05,97.04918032786887,False
2016-04-06,82.62295081967214,False
2016-04-07,81.31147540983608,False
2016-04-08,98.36065573770493,False
2016-04-09,104.91803278688525,False
2016-04-10,83.9344262295082,False
2016-04-11,65.57377049180329,False
2016-04-12,82.62295081967214,False
2016-04-13,83.9344262295082,False
2016-04-14,60.32786885245902,False
2016-04-15,106.22950819672133,False
2016-04-16,60.32786885245902,False
2016-04-17,55.08196721311476,False
2016-04-18,97.04918032786887,False
2016-04-19,95.73770491803279,False
2016-04-20,90.49180327868854,False
2016-04-21,68.19672131147541,False
2016-04-22,110.16393442622952,False
2016-04-23,97.04918032786887,False
2016-04-24,83.9344262295082,False
2016-04-25,98.36065573770493,False
2016-04-26,86.55737704918033,False
2016-04-27,93.11475409836066,False
2016-04-28,78.68852459016394,False
2016-04-29,106.22950819672133,False
2016-04-30,77.37704918032787,False
2016-05-01,85.24590163934427,False
2016-05-02,82.62295081967214,False
2016-05-03,73.44262295081968,False
2016-05-04,83.9344262295082,False
2016-05-05,90.49180327868854,False
2016-05-06,76.06557377049181,False
2016-05-07,74.75409836065575,False
2016-05-08,77.37704918032787,False
2016-05-09,76.06557377049181,False
2016-05-10,110.16393442622952,False
2016-05-11,73.44262295081968,False
2016-05-12,97.04918032786887,False
2016-05-13,86.55737704918033,False
2016-05-14,89.18032786885247,False
2016-05-15,87.8688524590164,False
2016-05-16,89.18032786885247,False
2016-05-17,56.39344262295082,False
2016-05-18,80.00000000000001,False
2016-05-19,80.00000000000001,False
2016-05-20,99.672131147541,False
2016-05-21,94.42622950819673,False
2016-05-22,91.8032786885246,False
2016-05-23,86.55737704918033,False
2016-05-24,72.13114754098362,False
2016-05-25,90.49180327868854,False
2016-05-26,80.00000000000001,False
2016-05-27,93.11475409836066,False
2016-05-28,73.44262295081968,False
2016-05-29,89.18032786885247,False
2016-05-30,91.8032786885246,False
2016-05-31,77.37704918032787,False
2016-06-01,68.19672131147541,False
2016-06-02,100.98360655737706,False
2016-06-03,81.31147540983608,False
2016-06-04,89.18032786885247,False
2016-06-05,95.73770491803279,False
2016-06-06,78.68852459016394,False
2016-06-07,77.37704918032787,False
2016-06-08,103.60655737704919,False
2016-06-09,91.8032786885246,False
2016-06-10,78.68852459016394,False
2016-06-11,80.00000000000001,False
2016-06-12,81.31147540983608,False
2016-06-13,108.85245901639345,False
2016-06-14,86.55737704918033,False
2016-06-15,74.75409836065575,False
2016-06-16,60.32786885245902,False
2016-06-17,99.672131147541,False
2016-06-18,102.29508196721312,False
2016-06-19,56.39344262295082,False
2016-06-20,83.9344262295082,False
2016-06-21,106.22950819672133,False
2016-06-22,90.49180327868854,False
2016-06-23,107.54098360655739,False
2016-06-24,93.11475409836066,False
2016-06-25,106.22950819672133,False
2016-06-26,93.11475409836066,False
2016-06-27,95.73770491803279,False
2016-06-28,94.42622950819673,False
2016-06-29,78.68852459016394,False
2016-06-30,87.8688524590164,False
2016-07-01,69.50819672131148,False
2016-07-02,94.42622950819673,False
2016-07-03,68.19672131147541,False
2016-07-04,89.18032786885247,False
2016-07-05,83.9344262295082,False
2016-07-06,72.13114754098362,False
2016-07-07,90.49180327868854,False
2016-07-08,97.04918032786887,False
2016-07-09,65.57377049180329,False
2016-07-10,72.13114754098362,False
2016-07-11,74.75409836065575,False
2016-07-12,107.54098360655739,False
2016-07-13,69.50819672131148,False
2016-07-14,85.24590163934427,False
2016-07-15,74.75409836065575,False
2016-07-16,108.85245901639345,False
2016-07-17,95.73770491803279,False
2016-07-18,100.98360655737706,False
2016-07-19,97.92349726775957,False
2016-07-20,84.15300546448088,False
2016-07-21,84.15300546448088,False
2016-07-22,79.56284153005465,False
2016-07-23,79.56284153005465,False
2016-07-24,64.26229508196722,False
2016-07-25,76.50273224043717,False
2016-07-26,113.224043715847,False
2016-07-27,67.32240437158471,False
2016-07-28,90.27322404371586,False
2016-07-29,65.79234972677597,False
2016-07-30,88.74316939890711,False
2016-07-31,88.74316939890711,False
2016-08-01,82.62295081967214,False
2016-08-02,76.50273224043717,False
2016-08-03,105.57377049180329,False
2016-08-04,84.15300546448088,False
2016-08-05,87.21311475409837,False
2016-08-06,84.15300546448088,False
2016-08-07,47.43169398907104,False
2016-08-08,70.3825136612022,False
2016-08-09,55.08196721311476,False
2016-08-10,76.50273224043717,False
2016-08-11,84.15300546448088,False
2016-08-12,61.20218579234973,False
2016-08-13,70.3825136612022,False
2016-08-14,73.44262295081968,False
2016-08-15,64.26229508196722,False
2016-08-16,81.0928961748634,False
2016-08-17,78.03278688524591,False
2016-08-18,107.10382513661203,False
2016-08-19,93.33333333333334,False
2016-08-20,53.551912568306015,False
2016-08-21,102.5136612021858,False
2016-08-22,102.5136612021858,False
2016-08-23,84.15300546448088,False
2016-08-24,93.33333333333334,False
2016-08-25,67.32240437158471,False
2016-08-26,111.69398907103826,False
2016-08-27,93.33333333333334,False
2016-08-28,79.56284153005465,False
2016-08-29,70.3825136612022,False
2016-08-30,58.142076502732245,False
2016-08-31,99.45355191256832,False
2016-09-01,85.68306010928963,False
2016-09-02,88.74316939890711,False
2016-09-03,107.10382513661203,False
2016-09-04,81.0928961748634,False
2016-09-05,90.27322404371586,False
2016-09-06,79.56284153005465,False
2016-09-07,91.8032786885246,False
2016-09-08,82.62295081967214,False
2016-09-09,68.85245901639345,False
2016-09-10,84.15300546448088,False
2016-09-11,88.74316939890711,False
2016-09-12,79.56284153005465,False
2016-09-13,126.99453551912569,False
2016-09-14,134.64480874316942,False
2016-09-15,105.57377049180329,False
2016-09-16,153.00546448087434,False
2016-09-17,85.68306010928963,False
2016-09-18,114.75409836065575,False
2016-09-19,114.75409836065575,False
2016-09-20,78.03278688524591,False
2016-09-21,105.57377049180329,False
2016-09-22,78.03278688524591,False
2016-09-23,85.68306010928963,False
2016-09-24,85.68306010928963,False
2016-09-25,74.97267759562843,False
2016-09-26,88.74316939890711,False
2016-09-27,97.92349726775957,False
2016-09-28,85.68306010928963,False
2016-09-29,99.45355191256832,False
2016-09-30,104.04371584699454,False
2016-10-01,82.62295081967214,False
2016-10-02,76.50273224043717,False
2016-10-03,108.63387978142077,False
2016-10-04,78.03278688524591,False
2016-10-05,65.79234972677597,False
2016-10-06,96.39344262295083,False
2016-10-07,91.8032786885246,False
2016-10-08,71.91256830601094,False
2016-10-09,79.56284153005465,False
2016-10-10,102.5136612021858,False
2016-10-11,81.0928961748634,False
2016-10-12,78.03278688524591,False
2016-10-13,76.50273224043717,False
2016-10-14,84.15300546448088,False
2016-10-15,81.0928961748634,False
2016-10-16,62.732240437158474,False
2016-10-17,105.57377049180329,False
2016-10-18,84.15300546448088,False
2016-10-19,93.33333333333334,False
2016-10-20,99.45355191256832,False
2016-10-21,104.04371584699454,False
2016-10-22,79.56284153005465,False
2016-10-23,67.32240437158471,False
2016-10-24,119.34426229508198,False
2016-10-25,123.9344262295082,False
2016-10-26,113.224043715847,False
2016-10-27,74.97267759562843,False
2016-10-28,102.5136612021858,False
2016-10-29,78.03278688524591,False
2016-10-30,96.39344262295083,False
2016-10-31,64.26229508196722,False
2016-11-01,82.62295081967214,False
2016-11-02,71.91256830601094,False
2016-11-03,104.04371584699454,False
2016-11-04,100.98360655737706,False
2016-11-05,87.21311475409837,False
2016-11-06,91.8032786885246,False
2016-11-07,102.5136612021858,False
2016-11-08,73.44262295081968,False
2016-11-09,70.3825136612022,False
2016-11-10,93.33333333333334,False
2016-11-11,59.67213114754099,False
2016-11-12,82.62295081967214,False
2016-11-13,59.67213114754099,False
2016-11-14,99.45355191256832,False
2016-11-15,91.8032786885246,False
2016-11-16,84.15300546448088,False
2016-11-17,102.5136612021858,False
2016-11-18,81.0928961748634,False
2016-11-19,81.0928961748634,False
2016-11-20,81.0928961748634,False
2016-11-21,78.03278688524591,False
2016-11-22,93.33333333333334,False
2016-11-23,67.32240437158471,False
2016-11-24,100.98360655737706,False
2016-11-25,78.03278688524591,False
2016-11-26,87.21311475409837,False
2016-11-27,61.20218579234973,False
2016-11-28,85.68306010928963,False
2016-11-29,87.21311475409837,False
2016-11-30,104.04371584699454,False
2016-12-01,113.224043715847,False
2016-12-02,107.10382513661203,False
2016-12-03,79.56284153005465,False
2016-12-04,82.62295081967214,False
2016-12-05,73.44262295081968,False
2016-12-06,91.8032786885246,False
2016-12-07,87.21311475409837,False
2016-12-08,120.87431693989072,False
2016-12-09,78.03278688524591,False
2016-12-10,93.33333333333334,False
2016-12-11,65.79234972677597,False
2016-12-12,59.67213114754099,False
2016-12-13,87.21311475409837,False
2016-12-14,94.86338797814209,False
2016-12-15,78.03278688524591,False
2016-12-16,78.03278688524591,False
2016-12-17,79.56284153005465,False
2016-12-18,74.97267759562843,False
2016-12-19,117.81420765027323,False
2016-12-20,87.21311475409837,False
2016-12-21,111.69398907103826,False
2016-12-22,128.52459016393445,False
2016-12-23,104.04371584699454,False
2016-12-24,79.56284153005465,False
2016-12-25,88.74316939890711,False
2016-12-26,71.91256830601094,False
2016-12-27,114.75409836065575,False
2016-12-28,88.74316939890711,False
2016-12-29,90.27322404371586,False
2016-12-30,67.32240437158471,False
2016-12-31,114.75409836065575,False
2017-01-01,91.8032786885246,False
2017-01-02,64.26229508196722,False
2017-01-03,74.97267759562843,False
2017-01-04,90.27322404371586,False
2017-01-05,100.98360655737706,False
2017-01-06,70.3825136612022,False
2017-01-07,85.68306010928963,False
2017-01-08,96.39344262295083,False
2017-01-09,110.16393442622952,False
2017-01-10,107.10382513661203,False
2017-01-11,123.9344262295082,False
2017-01-12,84.15300546448088,False
2017-01-13,79.56284153005465,False
2017-01-14,99.45355191256832,False
2017-01-15,53.27868852459017,False
2017-01-16,88.79781420765028,False
2017-01-17,78.14207650273225,False
2017-01-18,88.79781420765028,False
2017-01-19,63.934426229508205,False
2017-01-20,63.934426229508205,False
2017-01-21,60.38251366120219,False
2017-01-22,74.59016393442624,False
2017-01-23,85.24590163934427,False
2017-01-24,81.69398907103826,False
2017-01-25,85.24590163934427,False
2017-01-26,95.9016393442623,False
2017-01-27,71.03825136612022,False
2017-01-28,63.934426229508205,False
2017-01-29,81.69398907103826,False
2017-01-30,99.45355191256832,False
2017-01-31,81.69398907103826,False
2017-02-01,56.83060109289618,False
2017-02-02,78.14207650273225,False
2017-02-03,74.59016393442624,False
2017-02-04,85.24590163934427,False
2017-02-05,78.14207650273225,False
2017-02-06,74.59016393442624,False
2017-02-07,92.3497267759563,False
2017-02-08,85.24590163934427,False
2017-02-09,74.59016393442624,False
2017-02-10,74.59016393442624,False
2017-02-11,46.17486338797815,False
2017-02-12,60.38251366120219,False
2017-02-13,71.03825136612022,False
2017-02-14,81.69398907103826,False
2017-02-15,63.934426229508205,False
2017-02-16,74.59016393442624,False
2017-02-17,78.14207650273225,False
2017-02-18,88.79781420765028,False
2017-02-19,74.59016393442624,False
2017-02-20,81.69398907103826,False
2017-02-21,85.24590163934427,False
2017-02-22,85.24590163934427,False
2017-02-23,85.24590163934427,False
2017-02-24,71.03825136612022,False
2017-02-25,85.24590163934427,False
2017-02-26,81.69398907103826,False
2017-02-27,71.03825136612022,False
2017-02-28,74.59016393442624,False
2017-03-01,88.79781420765028,False
2017-03-02,106.55737704918035,False
2017-03-03,95.9016393442623,False
2017-03-04,74.59016393442624,False
2017-03-05,81.69398907103826,False
2017-03-06,103.00546448087432,False
2017-03-07,81.69398907103826,False
2017-03-08,95.9016393442623,False
2017-03-09,81.69398907103826,False
2017-03-10,81.69398907103826,False
2017-03-11,67.48633879781421,False
2017-03-12,67.48633879781421,False
2017-03-13,81.69398907103826,False
2017-03-14,103.00546448087432,False
2017-03-15,95.9016393442623,False
2017-03-16,138.52459016393445,False
2017-03-17,78.14207650273225,False
2017-03-18,85.24590163934427,False
2017-03-19,92.3497267759563,False
2017-03-20,95.9016393442623,False
2017-03-21,74.59016393442624,False
2017-03-22,110.10928961748635,False
2017-03-23,103.00546448087432,False
2017-03-24,131.42076502732243,False
2017-03-25,106.55737704918035,False
2017-03-26,71.03825136612022,False
2017-03-27,99.45355191256832,False
2017-03-28,113.66120218579236,False
2017-03-29,95.9016393442623,False
2017-03-30,138.52459016393445,False
2017-03-31,152.73224043715848,False
2017-04-01,131.42076502732243,False
2017-04-02,195.35519125683064,False
2017-04-03,145.62841530054646,False
2017-04-04,124.3169398907104,False
2017-04-05,127.86885245901641,False
2017-04-06,117.21311475409837,False
2017-04-07,99.45355191256832,False
2017-04-08,95.9016393442623,False
2017-04-09,106.55737704918035,False
2017-04-10,113.66120218579236,False
2017-04-11,99.45355191256832,False
2017-04-12,131.42076502732243,False
2017-04-13,95.9016393442623,False
2017-04-14,127.86885245901641,False
2017-04-15,88.79781420765028,False
2017-04-16,63.934426229508205,False
2017-04-17,88.79781420765028,False
2017-04-18,99.45355191256832,False
2017-04-19,85.24590163934427,False
2017-04-20,117.21311475409837,False
2017-04-21,106.55737704918035,False
2017-04-22,85.24590163934427,False
2017-04-23,95.9016393442623,False
2017-04-24,99.45355191256832,False
2017-04-25,99.45355191256832,False
2017-04-26,99.45355191256832,False
2017-04-27,95.9016393442623,False
2017-04-28,134.97267759562843,False
2017-04-29,131.42076502732243,False
2017-04-30,120.76502732240438,False
2017-05-01,134.97267759562843,False
2017-05-02,145.62841530054646,False
2017-05-03,117.21311475409837,False
2017-05-04,152.73224043715848,False
2017-05-05,177.59562841530055,False
2017-05-06,170.49180327868854,False
2017-05-07,184.6994535519126,False
2017-05-08,323.224043715847,False
2017-05-09,237.97814207650276,False
2017-05-10,195.35519125683064,False
2017-05-11,220.2185792349727,False
2017-05-12,184.6994535519126,False
2017-05-13,188.2513661202186,False
2017-05-14,145.62841530054646,False
2017-05-15,294.80874316939895,False
2017-05-16,319.672131147541,False
2017-05-17,351.63934426229514,False
2017-05-18,291.25683060109293,False
2017-05-19,280.6010928961749,False
2017-05-20,223.7704918032787,False
2017-05-21,245.08196721311478,False
2017-05-22,355.1912568306011,False
2017-05-23,291.25683060109293,False
2017-05-24,291.25683060109293,False
2017-05-25,280.6010928961749,False
2017-05-26,326.77595628415304,False
2017-05-27,241.53005464480876,False
2017-05-28,266.39344262295083,False
2017-05-29,248.6338797814208,False
2017-05-30,277.0491803278689,False
2017-05-31,241.53005464480876,False
2017-06-01,291.25683060109293,False
2017-06-02,262.84153005464486,False
2017-06-03,220.2185792349727,False
2017-06-04,188.2513661202186,False
2017-06-05,202.45901639344265,False
2017-06-06,220.2185792349727,False
2017-06-07,202.45901639344265,False
2017-06-08,209.56284153005467,False
2017-06-09,220.2185792349727,False
2017-06-10,202.45901639344265,False
2017-06-11,230.87431693989075,False
2017-06-12,245.08196721311478,False
2017-06-13,245.08196721311478,False
2017-06-14,252.1857923497268,False
2017-06-15,198.90710382513663,False
2017-06-16,198.90710382513663,False
2017-06-17,188.2513661202186,False
2017-06-18,195.35519125683064,False
2017-06-19,202.45901639344265,False
2017-06-20,319.672131147541,False
2017-06-21,266.39344262295083,False
2017-06-22,241.53005464480876,False
2017-06-23,248.6338797814208,False
2017-06-24,202.45901639344265,False
2017-06-25,213.1147540983607,False
2017-06-26,277.0491803278689,False
2017-06-27,206.01092896174865,False
2017-06-28,209.56284153005467,False
2017-06-29,216.66666666666669,False
2017-06-30,170.49180327868854,False
2017-07-01,163.38797814207652,False
2017-07-02,181.14754098360658,False
2017-07-03,145.62841530054646,False
2017-07-04,166.93989071038254,False
2017-07-05,142.07650273224044,False
2017-07-06,159.8360655737705,False
2017-07-07,152.73224043715848,False
2017-07-08,149.1803278688525,False
2017-07-09,174.04371584699456,False
2017-07-10,166.93989071038254,False
2017-07-11,206.01092896174865,False
2017-07-12,227.32240437158472,False
2017-07-13,220.2185792349727,False
2017-07-14,146.81238615664847,False
2017-07-15,146.81238615664847,False
2017-07-16,146.81238615664847,False
2017-07-17,220.2185792349727,False
2017-07-18,220.2185792349727,False
2017-07-19,220.2185792349727,False
2017-07-20,220.2185792349727,False
2017-07-21,220.2185792349727,False
2017-07-22,220.2185792349727,False
2017-07-23,220.2185792349727,False
2017-07-24,220.2185792349727,False
2017-07-25,146.81238615664847,False
2017-07-26,220.2185792349727,False
2017-07-27,220.2185792349727,False
2017-07-28,146.81238615664847,False
2017-07-29,146.81238615664847,False
2017-07-30,146.81238615664847,False
2017-07-31,146.81238615664847,False
2017-08-01,220.2185792349727,False
2017-08-02,220.2185792349727,False
2017-08-03,220.2185792349727,False
2017-08-04,220.2185792349727,False
2017-08-05,220.2185792349727,False
2017-08-06,220.2185792349727,False
2017-08-07,220.2185792349727,False
2017-08-08,220.2185792349727,False
2017-08-09,220.2185792349727,False
2017-08-10,220.2185792349727,False
2017-08-11,220.2185792349727,False
2017-08-12,220.2185792349727,False
2017-08-13,220.2185792349727,False
2017-08-14,220.2185792349727,False
2017-08-15,220.2185792349727,False
2017-08-16,220.2185792349727,False
2017-08-17,220.2185792349727,False
2017-08-18,220.2185792349727,False
2017-08-19,146.81238615664847,False
2017-08-20,146.81238615664847,False
2017-08-21,220.2185792349727,False
2017-08-22,440.4371584699454,False
2017-08-23,660.6557377049181,False
2017-08-24,513.8433515482697,False
2017-08-25,367.0309653916212,False
2017-08-26,293.62477231329694,False
2017-08-27,293.62477231329694,False
2017-08-28,293.62477231329694,False
2017-08-29,367.0309653916212,False
2017-08-30,440.4371584699454,False
2017-08-31,440.4371584699454,False
2017-09-01,367.0309653916212,False
2017-09-02,293.62477231329694,False
2017-09-03,293.62477231329694,False
2017-09-04,293.62477231329694,False
2017-09-05,293.62477231329694,False
2017-09-06,293.62477231329694,False
2017-09-07,220.2185792349727,False
2017-09-08,220.2185792349727,False
2017-09-09,220.2185792349727,False
2017-09-10,220.2185792349727,False
2017-09-11,220.2185792349727,False
2017-09-12,293.62477231329694,False
2017-09-13,293.62477231329694,False
2017-09-14,220.2185792349727,False
2017-09-15,293.62477231329694,False
2017-09-16,220.2185792349727,False
2017-09-17,220.2185792349727,False
2017-09-18,293.62477231329694,False
2017-09-19,220.2185792349727,False
2017-09-20,220.2185792349727,False
2017-09-21,220.2185792349727,False
2017-09-22,146.81238615664847,False
2017-09-23,146.81238615664847,False
2017-09-24,146.81238615664847,False
2017-09-25,220.2185792349727,False
2017-09-26,220.2185792349727,False
2017-09-27,220.2185792349727,False
2017-09-28,220.2185792349727,False
2017-09-29,146.81238615664847,False
2017-09-30,146.81238615664847,False
2017-10-01,146.81238615664847,False
2017-10-02,146.81238615664847,False
2017-10-03,220.2185792349727,False
2017-10-04,220.2185792349727,False
2017-10-05,293.62477231329694,False
2017-10-06,220.2185792349727,False
2017-10-07,220.2185792349727,False
2017-10-08,293.62477231329694,False
2017-10-09,367.0309653916212,False
2017-10-10,293.62477231329694,False
2017-10-11,293.62477231329694,False
2017-10-12,293.62477231329694,False
2017-10-13,367.0309653916212,False
2017-10-14,293.62477231329694,False
2017-10-15,293.62477231329694,False
2017-10-16,587.2495446265939,False
2017-10-17,440.4371584699454,False
2017-10-18,367.0309653916212,False
2017-10-19,367.0309653916212,False
2017-10-20,293.62477231329694,False
2017-10-21,293.62477231329694,False
2017-10-22,293.62477231329694,False
2017-10-23,293.62477231329694,False
2017-10-24,293.62477231329694,False
2017-10-25,293.62477231329694,False
2017-10-26,220.2185792349727,False
2017-10-27,220.2185792349727,False
2017-10-28,220.2185792349727,False
2017-10-29,220.2185792349727,False
2017-10-30,220.2185792349727,False
2017-10-31,220.2185792349727,False
2017-11-01,293.62477231329694,False
2017-11-02,293.62477231329694,False
2017-11-03,367.0309653916212,False
2017-11-04,293.62477231329694,False
2017-11-05,220.2185792349727,False
2017-11-06,220.2185792349727,False
2017-11-07,293.62477231329694,False
2017-11-08,293.62477231329694,False
2017-11-09,293.62477231329694,False
2017-11-10,293.62477231329694,False
2017-11-11,293.62477231329694,False
2017-11-12,220.2185792349727,False
2017-11-13,293.62477231329694,False
2017-11-14,293.62477231329694,False
2017-11-15,293.62477231329694,False
2017-11-16,513.8433515482697,False
2017-11-17,440.4371584699454,False
2017-11-18,367.0309653916212,False
2017-11-19,367.0309653916212,False
2017-11-20,440.4371584699454,False
2017-11-21,367.0309653916212,False
2017-11-22,367.0309653916212,False
2017-11-23,440.4371584699454,False
2017-11-24,367.0309653916212,False
2017-11-25,440.4371584699454,False
2017-11-26,440.4371584699454,False
2017-11-27,513.8433515482697,False
2017-11-28,734.0619307832424,False
2017-11-29,954.2805100182151,False
2017-11-30,660.6557377049181,False
2017-12-01,587.2495446265939,False
2017-12-02,587.2495446265939,False
2017-12-03,587.2495446265939,False
2017-12-04,660.6557377049181,False
2017-12-05,587.2495446265939,False
2017-12-06,734.0619307832424,False
2017-12-07,807.4681238615666,False
2017-12-08,954.2805100182151,False
2017-12-09,734.0619307832424,False
2017-12-10,587.2495446265939,False
2017-12-11,807.4681238615666,False
2017-12-12,1835.1548269581058,False
2017-12-13,3523.4972677595633,False
2017-12-14,4991.621129326048,False
2017-12-15,4184.153005464482,False
2017-12-16,2862.8415300546453,False
2017-12-17,2422.4043715846997,False
2017-12-18,2495.810564663024,False
2017-12-19,2716.0291438979966,False
2017-12-20,2128.7795992714027,False
2017-12-21,3963.934426229509,False
2017-12-22,4184.153005464482,False
2017-12-23,2569.2167577413484,False
2017-12-24,1981.9672131147545,False
2017-12-25,1835.1548269581058,False
2017-12-26,1761.7486338797817,False
2017-12-27,2862.8415300546453,False
2017-12-28,3229.8724954462664,False
2017-12-29,6166.120218579235,False
2017-12-30,7193.806921675775,False
2017-12-31,3963.934426229509,False
2018-01-01,2862.8415300546453,False
2018-01-02,3817.1220400728603,False
2018-01-03,5945.9016393442635,False
2018-01-04,7340.619307832423,False
2018-01-05,5872.495446265939,False
2018-01-06,4184.153005464482,False
2018-01-07,3596.9034608378875,False
2018-01-08,4477.777777777778,False
2018-01-09,3963.934426229509,False
2018-01-10,4216.951517265435,False
2018-01-11,3837.4258807115457,False
2018-01-12,2825.3575165678412,False
2018-01-13,2024.136728287409,False
2018-01-14,1939.7976979421,False
2018-01-15,1897.6281827694459,False
2018-01-16,2994.035577258459,False
2018-01-17,2825.3575165678412,False
2018-01-18,2530.170910359261,False
2018-01-19,1813.289152424137,False
2018-01-20,1433.7635158702478,False
2018-01-21,1265.0854551796306,False
2018-01-22,1433.7635158702478,False
2018-01-23,1391.5940006975936,False
2018-01-24,1265.0854551796306,False
2018-01-25,1054.2378793163587,False
2018-01-26,1054.2378793163587,False
2018-01-27,969.89884897105,False
2018-01-28,927.7293337983957,False
2018-01-29,1054.2378793163587,False
2018-01-30,1012.0683641437045,False
2018-01-31,927.7293337983957,False
2018-02-01,1307.2549703522848,False
2018-02-02,1518.1025462155567,False
2018-02-03,969.89884897105,False
2018-02-04,927.7293337983957,False
2018-02-05,1096.407394489013,False
2018-02-06,1265.0854551796306,False
2018-02-07,969.89884897105,False
2018-02-08,801.2207882804327,False
2018-02-09,969.89884897105,False
2018-02-10,1138.5769096616675,False
2018-02-11,843.390303453087,False
2018-02-12,927.7293337983957,False
2018-02-13,759.0512731077783,False
2018-02-14,885.5598186257414,False
2018-02-15,927.7293337983957,False
2018-02-16,716.8817579351239,False
2018-02-17,759.0512731077783,False
2018-02-18,759.0512731077783,False
2018-02-19,674.7122427624696,False
2018-02-20,801.2207882804327,False
2018-02-21,759.0512731077783,False
2018-02-22,674.7122427624696,False
2018-02-23,632.5427275898153,False
2018-02-24,506.03418207185223,False
2018-02-25,421.6951517265435,False
2018-02-26,506.03418207185223,False
2018-02-27,506.03418207185223,False
2018-02-28,506.03418207185223,False
2018-03-01,548.2036972445065,False
2018-03-02,463.86466689919786,False
2018-03-03,506.03418207185223,False
2018-03-04,548.2036972445065,False
2018-03-05,885.5598186257414,False
2018-03-06,801.2207882804327,False
2018-03-07,674.7122427624696,False
2018-03-08,548.2036972445065,False
2018-03-09,548.2036972445065,False
2018-03-10,463.86466689919786,False
2018-03-11,463.86466689919786,False
2018-03-12,463.86466689919786,False
2018-03-13,506.03418207185223,False
2018-03-14,463.86466689919786,False
2018-03-15,590.3732124171609,False
2018-03-16,463.86466689919786,False
2018-03-17,421.6951517265435,False
2018-03-18,463.86466689919786,False
2018-03-19,463.86466689919786,False
2018-03-20,463.86466689919786,False
2018-03-21,379.52563655388917,False
2018-03-22,379.52563655388917,False
2018-03-23,379.52563655388917,False
2018-03-24,421.6951517265435,False
2018-03-25,379.52563655388917,False
2018-03-26,421.6951517265435,False
2018-03-27,379.52563655388917,False
2018-03-28,463.86466689919786,False
2018-03-29,506.03418207185223,False
2018-03-30,506.03418207185223,False
2018-03-31,337.3561213812348,False
2018-04-01,337.3561213812348,False
2018-04-02,379.52563655388917,False
2018-04-03,421.6951517265435,False
2018-04-04,379.52563655388917,False
2018-04-05,421.6951517265435,False
2018-04-06,379.52563655388917,False
2018-04-07,295.18660620858043,False
2018-04-08,253.01709103592611,False
2018-04-09,379.52563655388917,False
2018-04-10,337.3561213812348,False
2018-04-11,337.3561213812348,False
2018-04-12,506.03418207185223,False
2018-04-13,548.2036972445065,False
2018-04-14,379.52563655388917,False
2018-04-15,421.6951517265435,False
2018-04-16,337.3561213812348,False
2018-04-17,379.52563655388917,False
2018-04-18,421.6951517265435,False
2018-04-19,506.03418207185223,False
2018-04-20,801.2207882804327,False
2018-04-21,590.3732124171609,False
2018-04-22,506.03418207185223,False
2018-04-23,506.03418207185223,False
2018-04-24,548.2036972445065,False
2018-04-25,548.2036972445065,False
2018-04-26,421.6951517265435,False
2018-04-27,421.6951517265435,False
2018-04-28,337.3561213812348,False
2018-04-29,379.52563655388917,False
2018-04-30,379.52563655388917,False
2018-05-01,379.52563655388917,False
2018-05-02,337.3561213812348,False
2018-05-03,421.6951517265435,False
2018-05-04,421.6951517265435,False
2018-05-05,379.52563655388917,False
2018-05-06,337.3561213812348,False
2018-05-07,379.52563655388917,False
2018-05-08,295.18660620858043,False
2018-05-09,337.3561213812348,False
2018-05-10,337.3561213812348,False
2018-05-11,379.52563655388917,False
2018-05-12,295.18660620858043,False
2018-05-13,337.3561213812348,False
2018-05-14,337.3561213812348,False
2018-05-15,337.3561213812348,False
2018-05-16,253.01709103592611,False
2018-05-17,295.18660620858043,False
2018-05-18,295.18660620858043,False
2018-05-19,253.01709103592611,False
2018-05-20,295.18660620858043,False
2018-05-21,295.18660620858043,False
2018-05-22,295.18660620858043,False
2018-05-23,421.6951517265435,False
2018-05-24,463.86466689919786,False
2018-05-25,379.52563655388917,False
2018-05-26,295.18660620858043,False
2018-05-27,253.01709103592611,False
2018-05-28,295.18660620858043,False
2018-05-29,337.3561213812348,False
2018-05-30,337.3561213812348,False
2018-05-31,295.18660620858043,False
2018-06-01,295.18660620858043,False
2018-06-02,253.01709103592611,False
2018-06-03,295.18660620858043,False
2018-06-04,337.3561213812348,False
2018-06-05,337.3561213812348,False
2018-06-06,337.3561213812348,False
2018-06-07,295.18660620858043,False
2018-06-08,295.18660620858043,False
2018-06-09,253.01709103592611,False
2018-06-10,253.01709103592611,False
2018-06-11,295.18660620858043,False
2018-06-12,295.18660620858043,False
2018-06-13,337.3561213812348,False
2018-06-14,379.52563655388917,False
2018-06-15,295.18660620858043,False
2018-06-16,253.01709103592611,False
2018-06-17,210.84757586327174,False
2018-06-18,295.18660620858043,False
2018-06-19,295.18660620858043,False
2018-06-20,295.18660620858043,False
2018-06-21,210.84757586327174,False
2018-06-22,295.18660620858043,False
2018-06-23,210.84757586327174,False
2018-06-24,295.18660620858043,False
2018-06-25,295.18660620858043,False
2018-06-26,210.84757586327174,False
2018-06-27,253.01709103592611,False
2018-06-28,253.01709103592611,False
2018-06-29,295.18660620858043,False
2018-06-30,253.01709103592611,False
2018-07-01,210.84757586327174,False
2018-07-02,253.01709103592611,False
2018-07-03,337.3561213812348,False
2018-07-04,253.01709103592611,False
2018-07-05,253.01709103592611,False
2018-07-06,210.84757586327174,False
2018-07-07,210.84757586327174,False
2018-07-08,253.01709103592611,False
2018-07-09,243.28566445762127,False
2018-07-10,184.89710498779215,False
2018-07-11,243.28566445762127,False
2018-07-12,262.74851761423093,False
2018-07-13,204.35995814440184,False
2018-07-14,175.1656784094873,False
2018-07-15,165.43425183118245,False
2018-07-16,262.74851761423093,False
2018-07-17,262.74851761423093,False
2018-07-18,301.6742239274503,False
2018-07-19,272.4799441925358,False
2018-07-20,233.55423787931642,False
2018-07-21,194.628531566097,False
2018-07-22,223.82281130101154,False
2018-07-23,214.0913847227067,False
2018-07-24,262.74851761423093,False
2018-07-25,214.0913847227067,False
2018-07-26,223.82281130101154,False
2018-07-27,243.28566445762127,False
2018-07-28,194.628531566097,False
2018-07-29,204.35995814440184,False
2018-07-30,291.9427973491455,False
2018-07-31,262.74851761423093,False
2018-08-01,262.74851761423093,False
2018-08-02,214.0913847227067,False
2018-08-03,233.55423787931642,False
2018-08-04,233.55423787931642,False
2018-08-05,194.628531566097,False
2018-08-06,253.01709103592611,False
2018-08-07,253.01709103592611,False
2018-08-08,301.6742239274503,False
2018-08-09,243.28566445762127,False
2018-08-10,243.28566445762127,False
2018-08-11,262.74851761423093,False
2018-08-12,204.35995814440184,False
2018-08-13,214.0913847227067,False
2018-08-14,291.9427973491455,False
2018-08-15,282.21137077084063,False
2018-08-16,233.55423787931642,False
2018-08-17,253.01709103592611,False
2018-08-18,233.55423787931642,False
2018-08-19,243.28566445762127,False
2018-08-20,301.6742239274503,False
2018-08-21,301.6742239274503,False
2018-08-22,301.6742239274503,False
2018-08-23,282.21137077084063,False
2018-08-24,321.1370770840601,False
2018-08-25,243.28566445762127,False
2018-08-26,253.01709103592611,False
2018-08-27,272.4799441925358,False
2018-08-28,282.21137077084063,False
2018-08-29,243.28566445762127,False
2018-08-30,243.28566445762127,False
2018-08-31,243.28566445762127,False
2018-09-01,243.28566445762127,False
2018-09-02,233.55423787931642,False
2018-09-03,282.21137077084063,False
2018-09-04,214.0913847227067,False
2018-09-05,253.01709103592611,False
2018-09-06,311.4056505057552,False
2018-09-07,223.82281130101154,False
2018-09-08,223.82281130101154,False
2018-09-09,214.0913847227067,False
2018-09-10,243.28566445762127,False
2018-09-11,253.01709103592611,False
2018-09-12,272.4799441925358,False
2018-09-13,223.82281130101154,False
2018-09-14,233.55423787931642,False
2018-09-15,262.74851761423093,False
2018-09-16,233.55423787931642,False
2018-09-17,253.01709103592611,False
2018-09-18,369.7942099755843,False
2018-09-19,311.4056505057552,False
2018-09-20,506.03418207185223,False
2018-09-21,973.1426578304851,False
2018-09-22,603.3484478549007,False
2018-09-23,476.83990233693766,False
2018-09-24,428.1827694454134,False
2018-09-25,437.91419602371826,False
2018-09-26,496.30275549354735,False
2018-09-27,418.45134286710856,False
2018-09-28,321.1370770840601,False
2018-09-29,311.4056505057552,False
2018-09-30,437.91419602371826,False
2018-10-01,476.83990233693766,False
2018-10-02,398.98848971049887,False
2018-10-03,321.1370770840601,False
2018-10-04,340.5999302406698,False
2018-10-05,262.74851761423093,False
2018-10-06,282.21137077084063,False
2018-10-07,282.21137077084063,False
2018-10-08,340.5999302406698,False
2018-10-09,282.21137077084063,False
2018-10-10,262.74851761423093,False
2018-10-11,321.1370770840601,False
2018-10-12,253.01709103592611,False
2018-10-13,272.4799441925358,False
2018-10-14,253.01709103592611,False
2018-10-15,311.4056505057552,False
2018-10-16,301.6742239274503,False
2018-10-17,321.1370770840601,False
2018-10-18,262.74851761423093,False
2018-10-19,223.82281130101154,False
2018-10-20,233.55423787931642,False
2018-10-21,282.21137077084063,False
2018-10-22,330.8685036623649,False
2018-10-23,321.1370770840601,False
2018-10-24,233.55423787931642,False
2018-10-25,272.4799441925358,False
2018-10-26,253.01709103592611,False
2018-10-27,175.1656784094873,False
2018-10-28,204.35995814440184,False
2018-10-29,233.55423787931642,False
2018-10-30,243.28566445762127,False
2018-10-31,223.82281130101154,False
2018-11-01,233.55423787931642,False
2018-11-02,253.01709103592611,False
2018-11-03,223.82281130101154,False
2018-11-04,223.82281130101154,False
2018-11-05,301.6742239274503,False
2018-11-06,408.7199162888037,False
2018-11-07,311.4056505057552,False
2018-11-08,301.6742239274503,False
2018-11-09,233.55423787931642,False
2018-11-10,214.0913847227067,False
2018-11-11,262.74851761423093,False
2018-11-12,360.0627833972795,False
2018-11-13,282.21137077084063,False
2018-11-14,321.1370770840601,False
2018-11-15,311.4056505057552,False
2018-11-16,272.4799441925358,False
2018-11-17,262.74851761423093,False
2018-11-18,321.1370770840601,False
2018-11-19,360.0627833972795,False
2018-11-20,379.52563655388917,False
2018-11-21,291.9427973491455,False
2018-11-22,301.6742239274503,False
2018-11-23,291.9427973491455,False
2018-11-24,282.21137077084063,False
2018-11-25,311.4056505057552,False
2018-11-26,291.9427973491455,False
2018-11-27,301.6742239274503,False
2018-11-28,311.4056505057552,False
2018-11-29,311.4056505057552,False
2018-11-30,262.74851761423093,False
2018-12-01,233.55423787931642,False
2018-12-02,214.0913847227067,False
2018-12-03,214.0913847227067,False
2018-12-04,272.4799441925358,False
2018-12-05,253.01709103592611,False
2018-12-06,214.0913847227067,False
2018-12-07,282.21137077084063,False
2018-12-08,253.01709103592611,False
2018-12-09,214.0913847227067,False
2018-12-10,282.21137077084063,False
2018-12-11,214.0913847227067,False
2018-12-12,194.628531566097,False
2018-12-13,233.55423787931642,False
2018-12-14,233.55423787931642,False
2018-12-15,243.28566445762127,False
2018-12-16,214.0913847227067,False
2018-12-17,243.28566445762127,False
2018-12-18,272.4799441925358,False
2018-12-19,291.9427973491455,False
2018-12-20,321.1370770840601,False
2018-12-21,272.4799441925358,False
2018-12-22,243.28566445762127,False
2018-12-23,282.21137077084063,False
2018-12-24,321.1370770840601,False
2018-12-25,223.82281130101154,False
2018-12-26,223.82281130101154,False
2018-12-27,233.55423787931642,False
2018-12-28,194.628531566097,False
2018-12-29,223.82281130101154,False
2018-12-30,243.28566445762127,False
2018-12-31,204.35995814440184,False
2019-01-01,223.82281130101154,False
2019-01-02,253.01709103592611,False
2019-01-03,272.4799441925358,False
2019-01-04,233.55423787931642,False
2019-01-05,191.8481239722956,False
2019-01-06,225.21301509791226,False
2019-01-07,166.82445562808314,False
2019-01-08,225.21301509791226,False
2019-01-09,191.8481239722956,False
2019-01-10,229.38362648861434,False
2019-01-11,225.21301509791226,False
2019-01-12,196.0187353629977,False
2019-01-13,179.33628980018938,False
2019-01-14,221.04240370721018,False
2019-01-15,200.1893467536998,False
2019-01-16,187.67751258159353,False
2019-01-17,183.50690119089145,False
2019-01-18,212.70118092580603,False
2019-01-19,191.8481239722956,False
2019-01-20,200.1893467536998,False
2019-01-21,204.35995814440187,False
2019-01-22,166.82445562808314,False
2019-01-23,170.99506701878522,False
2019-01-24,208.53056953510395,False
2019-01-25,191.8481239722956,False
2019-01-26,141.80078728387068,False
2019-01-27,187.67751258159353,False
2019-01-28,196.0187353629977,False
2019-01-29,179.33628980018938,False
2019-01-30,187.67751258159353,False
2019-01-31,229.38362648861434,False
2019-02-01,208.53056953510395,False
2019-02-02,200.1893467536998,False
2019-02-03,175.1656784094873,False
2019-02-04,175.1656784094873,False
2019-02-05,216.8717923165081,False
2019-02-06,196.0187353629977,False
2019-02-07,179.33628980018938,False
2019-02-08,196.0187353629977,False
2019-02-09,175.1656784094873,False
2019-02-10,179.33628980018938,False
2019-02-11,145.97139867457275,False
2019-02-12,225.21301509791226,False
2019-02-13,187.67751258159353,False
2019-02-14,162.65384423738107,False
2019-02-15,208.53056953510395,False
2019-02-16,141.80078728387068,False
2019-02-17,191.8481239722956,False
2019-02-18,179.33628980018938,False
2019-02-19,233.55423787931642,False
2019-02-20,204.35995814440187,False
2019-02-21,212.70118092580603,False
2019-02-22,204.35995814440187,False
2019-02-23,216.8717923165081,False
2019-02-24,216.8717923165081,False
2019-02-25,233.55423787931642,False
2019-02-26,246.06607205142265,False
2019-02-27,241.89546066072057,False
2019-02-28,183.50690119089145,False
2019-03-01,183.50690119089145,False
2019-03-02,166.82445562808314,False
2019-03-03,196.0187353629977,False
2019-03-04,166.82445562808314,False
2019-03-05,187.67751258159353,False
2019-03-06,221.04240370721018,False
2019-03-07,187.67751258159353,False
2019-03-08,158.483232846679,False
2019-03-09,141.80078728387068,False
2019-03-10,191.8481239722956,False
2019-03-11,191.8481239722956,False
2019-03-12,179.33628980018938,False
2019-03-13,204.35995814440187,False
2019-03-14,200.1893467536998,False
2019-03-15,162.65384423738107,False
2019-03-16,166.82445562808314,False
2019-03-17,162.65384423738107,False
2019-03-18,183.50690119089145,False
2019-03-19,204.35995814440187,False
2019-03-20,187.67751258159353,False
2019-03-21,204.35995814440187,False
2019-03-22,196.0187353629977,False
2019-03-23,216.8717923165081,False
2019-03-24,187.67751258159353,False
2019-03-25,150.14201006527483,False
2019-03-26,150.14201006527483,False
2019-03-27,175.1656784094873,False
2019-03-28,150.14201006527483,False
2019-03-29,154.3126214559769,False
2019-03-30,150.14201006527483,False
2019-03-31,179.33628980018938,False
2019-04-01,204.35995814440187,False
2019-04-02,275.2603517863372,False
2019-04-03,254.4072948328268,False
2019-04-04,241.89546066072057,False
2019-04-05,275.2603517863372,False
2019-04-06,196.0187353629977,False
2019-04-07,221.04240370721018,False
2019-04-08,204.35995814440187,False
2019-04-09,196.0187353629977,False
2019-04-10,216.8717923165081,False
2019-04-11,204.35995814440187,False
2019-04-12,191.8481239722956,False
2019-04-13,166.82445562808314,False
2019-04-14,216.8717923165081,False
2019-04-15,183.50690119089145,False
2019-04-16,191.8481239722956,False
2019-04-17,200.1893467536998,False
2019-04-18,208.53056953510395,False
2019-04-19,208.53056953510395,False
2019-04-20,154.3126214559769,False
2019-04-21,187.67751258159353,False
2019-04-22,166.82445562808314,False
2019-04-23,187.67751258159353,False
2019-04-24,183.50690119089145,False
2019-04-25,175.1656784094873,False
2019-04-26,187.67751258159353,False
2019-04-27,133.45956450246652,False
2019-04-28,162.65384423738107,False
2019-04-29,141.80078728387068,False
2019-04-30,196.0187353629977,False
2019-05-01,183.50690119089145,False
2019-05-02,191.8481239722956,False
2019-05-03,187.67751258159353,False
2019-05-04,191.8481239722956,False
2019-05-05,179.33628980018938,False
2019-05-06,175.1656784094873,False
2019-05-07,196.0187353629977,False
2019-05-08,196.0187353629977,False
2019-05-09,187.67751258159353,False
2019-05-10,183.50690119089145,False
2019-05-11,221.04240370721018,False
2019-05-12,266.91912900493304,False
2019-05-13,221.04240370721018,False
2019-05-14,417.0611390702079,False
2019-05-15,392.0374707259954,False
2019-05-16,333.6489112561663,False
2019-05-17,241.89546066072057,False
2019-05-18,246.06607205142265,False
2019-05-19,246.06607205142265,False
2019-05-20,246.06607205142265,False
2019-05-21,229.38362648861434,False
2019-05-22,258.5779062235289,False
2019-05-23,175.1656784094873,False
2019-05-24,208.53056953510395,False
2019-05-25,175.1656784094873,False
2019-05-26,170.99506701878522,False
2019-05-27,237.7248492700185,False
2019-05-28,229.38362648861434,False
2019-05-29,246.06607205142265,False
2019-05-30,287.77218595844346,False
2019-05-31,254.4072948328268,False
2019-06-01,225.21301509791226,False
2019-06-02,191.8481239722956,False
2019-06-03,246.06607205142265,False
2019-06-04,200.1893467536998,False
2019-06-05,233.55423787931642,False
2019-06-06,237.7248492700185,False
2019-06-07,212.70118092580603,False
2019-06-08,200.1893467536998,False
2019-06-09,208.53056953510395,False
2019-06-10,221.04240370721018,False
2019-06-11,208.53056953510395,False
2019-06-12,212.70118092580603,False
2019-06-13,204.35995814440187,False
2019-06-14,212.70118092580603,False
2019-06-15,216.8717923165081,False
2019-06-16,196.0187353629977,False
2019-06-17,279.4309631770393,False
2019-06-18,291.9427973491455,False
2019-06-19,262.74851761423093,False
2019-06-20,216.8717923165081,False
2019-06-21,237.7248492700185,False
2019-06-22,341.99013403757044,False
2019-06-23,312.7958543026559,False
2019-06-24,271.08974039563515,False
2019-06-25,321.1370770840601,False
2019-06-26,375.35502516318707,False
2019-06-27,321.1370770840601,False
2019-06-28,229.38362648861434,False
2019-06-29,266.91912900493304,False
2019-06-30,200.1893467536998,False
2019-07-01,216.8717923165081,False
2019-07-02,208.53056953510395,False
2019-07-03,179.33628980018938,False
2019-07-04,184.5344431277311,False
2019-07-05,166.34090648133508,False
2019-07-06,148.14736983493907,False
2019-07-07,226.11966974806487,False
2019-07-08,153.3455231624808,False
2019-07-09,200.12890311035628,False
2019-07-10,184.5344431277311,False
2019-07-11,197.52982644658542,False
2019-07-12,189.73259645527284,False
2019-07-13,166.34090648133508,False
2019-07-14,189.73259645527284,False
2019-07-15,150.74644649870993,False
2019-07-16,181.93536646396024,False
2019-07-17,153.3455231624808,False
2019-07-18,197.52982644658542,False
2019-07-19,184.5344431277311,False
2019-07-20,168.93998314510594,False
2019-07-21,179.33628980018938,False
2019-07-22,145.5482931711682,False
2019-07-23,158.5436764900225,False
2019-07-24,155.94459982625165,False
2019-07-25,163.74182981756422,False
2019-07-26,135.15198651608475,False
2019-07-27,158.5436764900225,False
2019-07-28,171.5390598088768,False
2019-07-29,148.14736983493907,False
2019-07-30,163.74182981756422,False
2019-07-31,163.74182981756422,False
2019-08-01,153.3455231624808,False
2019-08-02,158.5436764900225,False
2019-08-03,163.74182981756422,False
2019-08-04,176.73721313641852,False
2019-08-05,142.94921650739732,False
2019-08-06,148.14736983493907,False
2019-08-07,150.74644649870993,False
2019-08-08,142.94921650739732,False
2019-08-09,171.5390598088768,False
2019-08-10,119.5575265334596,False
2019-08-11,150.74644649870993,False
2019-08-12,145.5482931711682,False
2019-08-13,166.34090648133508,False
2019-08-14,187.13351979150195,False
2019-08-15,171.5390598088768,False
2019-08-16,150.74644649870993,False
2019-08-17,150.74644649870993,False
2019-08-18,259.90766637708606,False
2019-08-19,163.74182981756422,False
2019-08-20,150.74644649870993,False
2019-08-21,150.74644649870993,False
2019-08-22,166.34090648133508,False
2019-08-23,161.14275315379336,False
2019-08-24,119.5575265334596,False
2019-08-25,153.3455231624808,False
2019-08-26,163.74182981756422,False
2019-08-27,140.35013984362647,False
2019-08-28,155.94459982625165,False
2019-08-29,158.5436764900225,False
2019-08-30,142.94921650739732,False
2019-08-31,155.94459982625165,False
2019-09-01,122.15660319723045,False
2019-09-02,145.5482931711682,False
2019-09-03,163.74182981756422,False
2019-09-04,161.14275315379336,False
2019-09-05,142.94921650739732,False
2019-09-06,153.3455231624808,False
2019-09-07,192.3316731190437,False
2019-09-08,150.74644649870993,False
2019-09-09,163.74182981756422,False
2019-09-10,153.3455231624808,False
2019-09-11,168.93998314510594,False
2019-09-12,171.5390598088768,False
2019-09-13,124.75567986100131,False
2019-09-14,155.94459982625165,False
2019-09-15,174.13813647264766,False
2019-09-16,189.73259645527284,False
2019-09-17,241.71412973069005,False
2019-09-18,236.51597640314833,False
2019-09-19,179.33628980018938,False
2019-09-20,163.74182981756422,False
2019-09-21,129.95383318854303,False
2019-09-22,150.74644649870993,False
2019-09-23,179.33628980018938,False
2019-09-24,205.327056437898,False
2019-09-25,194.93074978281456,False
2019-09-26,171.5390598088768,False
2019-09-27,135.15198651608475,False
2019-09-28,140.35013984362647,False
2019-09-29,161.14275315379336,False
2019-09-30,174.13813647264766,False
2019-10-01,158.5436764900225,False
2019-10-02,145.5482931711682,False
2019-10-03,150.74644649870993,False
2019-10-04,137.7510631798556,False
2019-10-05,135.15198651608475,False
2019-10-06,176.73721313641852,False
2019-10-07,192.3316731190437,False
2019-10-08,179.33628980018938,False
2019-10-09,145.5482931711682,False
2019-10-10,135.15198651608475,False
2019-10-11,142.94921650739732,False
2019-10-12,161.14275315379336,False
2019-10-13,114.35937320591788,False
2019-10-14,200.12890311035628,False
2019-10-15,168.93998314510594,False
2019-10-16,168.93998314510594,False
2019-10-17,158.5436764900225,False
2019-10-18,142.94921650739732,False
2019-10-19,127.35475652477217,False
2019-10-20,158.5436764900225,False
2019-10-21,171.5390598088768,False
2019-10-22,163.74182981756422,False
2019-10-23,184.5344431277311,False
2019-10-24,150.74644649870993,False
2019-10-25,163.74182981756422,False
2019-10-26,189.73259645527284,False
2019-10-27,137.7510631798556,False
2019-10-28,174.13813647264766,False
2019-10-29,174.13813647264766,False
2019-10-30,176.73721313641852,False
2019-10-31,158.5436764900225,False
2019-11-01,150.74644649870993,False
2019-11-02,163.74182981756422,False
2019-11-03,194.93074978281456,False
2019-11-04,145.5482931711682,False
2019-11-05,179.33628980018938,False
2019-11-06,192.3316731190437,False
2019-11-07,197.52982644658542,False
2019-11-08,161.14275315379336,False
2019-11-09,153.3455231624808,False
2019-11-10,132.5529098523139,False
2019-11-11,158.5436764900225,False
2019-11-12,171.5390598088768,False
2019-11-13,145.5482931711682,False
2019-11-14,150.74644649870993,False
2019-11-15,137.7510631798556,False
2019-11-16,137.7510631798556,False
2019-11-17,137.7510631798556,False
2019-11-18,161.14275315379336,False
2019-11-19,142.94921650739732,False
2019-11-20,163.74182981756422,False
2019-11-21,155.94459982625165,False
2019-11-22,124.75567986100131,False
2019-11-23,116.95844986968874,False
2019-11-24,145.5482931711682,False
2019-11-25,168.93998314510594,False
2019-11-26,153.3455231624808,False
2019-11-27,137.7510631798556,False
2019-11-28,129.95383318854303,False
2019-11-29,132.5529098523139,False
2019-11-30,127.35475652477217,False
2019-12-01,124.75567986100131,False
2019-12-02,153.3455231624808,False
2019-12-03,148.14736983493907,False
2019-12-04,161.14275315379336,False
2019-12-05,166.34090648133508,False
2019-12-06,122.15660319723045,False
2019-12-07,140.35013984362647,False
2019-12-08,129.95383318854303,False
2019-12-09,116.95844986968874,False
2019-12-10,116.95844986968874,False
2019-12-11,150.74644649870993,False
2019-12-12,124.75567986100131,False
2019-12-13,166.34090648133508,False
2019-12-14,109.16121987837614,False
2019-12-15,181.93536646396024,False
2019-12-16,137.7510631798556,False
2019-12-17,176.73721313641852,False
2019-12-18,166.34090648133508,False
2019-12-19,153.3455231624808,False
2019-12-20,168.93998314510594,False
2019-12-21,161.14275315379336,False
2019-12-22,161.14275315379336,False
2019-12-23,150.74644649870993,False
2019-12-24,158.5436764900225,False
2019-12-25,106.56214321460529,False
2019-12-26,137.7510631798556,False
2019-12-27,137.7510631798556,False
2019-12-28,150.74644649870993,False
2019-12-29,132.5529098523139,False
2019-12-30,142.94921650739732,False
2019-12-31,112.48462938287003,False
2020-01-01,133.57549739215816,False
2020-01-02,131.23206761334836,False
2020-01-03,110.14119960406023,False
2020-01-04,126.54520805572878,False
2020-01-05,128.88863783453857,False
2020-01-06,152.3229356226365,False
2020-01-07,142.94921650739732,False
2020-01-08,168.72694407430504,False
2020-01-09,154.66636540144628,False
2020-01-10,140.60578672858753,False
2020-01-11,124.20177827691899,False
2020-01-12,119.5149187192994,False
2020-01-13,138.26235694977774,False
2020-01-14,147.6360760650169,False
2020-01-15,178.1006631895442,False
2020-01-16,149.9795058438267,False
2020-01-17,128.88863783453857,False
2020-01-18,126.54520805572878,False
2020-01-19,182.7875227471638,False
2020-01-20,131.23206761334836,False
2020-01-21,166.38351429549525,False
2020-01-22,159.35322495906587,False
2020-01-23,121.8583484981092,False
2020-01-24,128.88863783453857,False
2020-01-25,105.45434004644065,False
2020-01-26,128.88863783453857,False
2020-01-27,138.26235694977774,False
2020-01-28,131.23206761334836,False
2020-01-29,135.91892717096795,False
2020-01-30,126.54520805572878,False
2020-01-31,142.94921650739732,False
2020-02-01,100.76748048882106,False
2020-02-02,138.26235694977774,False
2020-02-03,131.23206761334836,False
2020-02-04,164.04008451668545,False
2020-02-05,194.50467164121275,False
2020-02-06,166.38351429549525,False
2020-02-07,117.17148894048961,False
2020-02-08,135.91892717096795,False
2020-02-09,166.38351429549525,False
2020-02-10,135.91892717096795,False
2020-02-11,147.6360760650169,False
2020-02-12,182.7875227471638,False
2020-02-13,220.28239920812047,False
2020-02-14,196.84810142002254,False
2020-02-15,154.66636540144628,False
2020-02-16,168.72694407430504,False
2020-02-17,145.29264628620712,False
2020-02-18,171.07037385311483,False
2020-02-19,159.35322495906587,False
2020-02-20,154.66636540144628,False
2020-02-21,142.94921650739732,False
2020-02-22,124.20177827691899,False
2020-02-23,154.66636540144628,False
2020-02-24,138.26235694977774,False
2020-02-25,140.60578672858753,False
2020-02-26,152.3229356226365,False
2020-02-27,138.26235694977774,False
2020-02-28,154.66636540144628,False
2020-02-29,159.35322495906587,False
2020-03-01,112.48462938287003,False
2020-03-02,110.14119960406023,False
2020-03-03,131.23206761334836,False
2020-03-04,112.48462938287003,False
2020-03-05,110.14119960406023,False
2020-03-06,105.45434004644065,False
2020-03-07,119.5149187192994,False
2020-03-08,189.81781208359317,False
2020-03-09,128.88863783453857,False
2020-03-10,135.91892717096795,False
2020-03-11,133.57549739215816,False
2020-03-12,131.23206761334836,False
2020-03-13,175.75723341073441,False
2020-03-14,140.60578672858753,False
2020-03-15,112.48462938287003,False
2020-03-16,126.54520805572878,False
2020-03-17,119.5149187192994,False
2020-03-18,126.54520805572878,False
2020-03-19,131.23206761334836,False
2020-03-20,124.20177827691899,False
2020-03-21,105.45434004644065,False
2020-03-22,103.11091026763086,False
2020-03-23,121.8583484981092,False
2020-03-24,124.20177827691899,False
2020-03-25,114.82805916167982,False
2020-03-26,117.17148894048961,False
2020-03-27,119.5149187192994,False
2020-03-28,128.88863783453857,False
2020-03-29,119.5149187192994,False
2020-03-30,93.73719115239169,False
2020-03-31,119.5149187192994,False
2020-04-01,105.45434004644065,False
2020-04-02,124.20177827691899,False
2020-04-03,121.8583484981092,False
2020-04-04,126.54520805572878,False
2020-04-05,100.76748048882106,False
2020-04-06,131.23206761334836,False
2020-04-07,135.91892717096795,False
2020-04-08,124.20177827691899,False
2020-04-09,135.91892717096795,False
2020-04-10,117.17148894048961,False
2020-04-11,131.23206761334836,False
2020-04-12,124.20177827691899,False
2020-04-13,128.88863783453857,False
2020-04-14,114.82805916167982,False
2020-04-15,126.54520805572878,False
2020-04-16,124.20177827691899,False
2020-04-17,100.76748048882106,False
2020-04-18,119.5149187192994,False
2020-04-19,114.82805916167982,False
2020-04-20,126.54520805572878,False
2020-04-21,117.17148894048961,False
2020-04-22,112.48462938287003,False
2020-04-23,119.5149187192994,False
2020-04-24,128.88863783453857,False
2020-04-25,135.91892717096795,False
2020-04-26,107.79776982525044,False
2020-04-27,124.20177827691899,False
2020-04-28,133.57549739215816,False
2020-04-29,173.41380363192462,False
2020-04-30,138.26235694977774,False
2020-05-01,142.94921650739732,False
2020-05-02,173.41380363192462,False
2020-05-03,142.94921650739732,False
2020-05-04,131.23206761334836,False
2020-05-05,138.26235694977774,False
2020-05-06,145.29264628620712,False
2020-05-07,140.60578672858753,False
2020-05-08,147.6360760650169,False
2020-05-09,164.04008451668545,False
2020-05-10,234.34297788097922,False
2020-05-11,135.91892717096795,False
2020-05-12,142.94921650739732,False
2020-05-13,142.94921650739732,False
2020-05-14,119.5149187192994,False
2020-05-15,110.14119960406023,False
2020-05-16,112.48462938287003,False
2020-05-17,135.91892717096795,False
2020-05-18,128.88863783453857,False
2020-05-19,133.57549739215816,False
2020-05-20,126.54520805572878,False
2020-05-21,140.60578672858753,False
2020-05-22,140.60578672858753,False
2020-05-23,135.91892717096795,False
2020-05-24,119.5149187192994,False
2020-05-25,133.57549739215816,False
2020-05-26,133.57549739215816,False
2020-05-27,140.60578672858753,False
2020-05-28,110.14119960406023,False
2020-05-29,117.17148894048961,False
2020-05-30,171.07037385311483,False
2020-05-31,133.57549739215816,False
2020-06-01,128.88863783453857,False
2020-06-02,133.57549739215816,False
2020-06-03,124.20177827691899,False
2020-06-04,131.23206761334836,False
2020-06-05,110.14119960406023,False
2020-06-06,131.23206761334836,False
2020-06-07,135.91892717096795,False
2020-06-08,126.54520805572878,False
2020-06-09,114.82805916167982,False
2020-06-10,119.5149187192994,False
2020-06-11,126.54520805572878,False
2020-06-12,119.5149187192994,False
2020-06-13,117.17148894048961,False
2020-06-14,119.5149187192994,False
2020-06-15,112.48462938287003,False
2020-06-16,145.29264628620712,False
2020-06-17,112.48462938287003,False
2020-06-18,131.23206761334836,False
2020-06-19,131.23206761334836,False
2020-06-20,114.82805916167982,False
2020-06-21,98.42405071001127,False
2020-06-22,121.8583484981092,False
2020-06-23,119.5149187192994,False
2020-06-24,112.48462938287003,False
2020-06-25,98.42405071001127,False
2020-06-26,121.8583484981092,False
2020-06-27,103.11091026763086,False
2020-06-28,116.8590316366483,False
2020-06-29,116.8590316366483,False
2020-06-30,116.8590316366483,False
2020-07-01,103.11091026763086,False
2020-07-02,109.98497095213958,False
2020-07-03,109.98497095213958,False
2020-07-04,109.98497095213958,False
2020-07-05,96.23684958312214,False
2020-07-06,116.8590316366483,False
2020-07-07,123.73309232115702,False
2020-07-08,123.73309232115702,False
2020-07-09,130.60715300566574,False
2020-07-10,116.8590316366483,False
2020-07-11,123.73309232115702,False
2020-07-12,130.60715300566574,False
2020-07-13,116.8590316366483,False
2020-07-14,96.23684958312214,False
2020-07-15,137.48121369017446,False
2020-07-16,103.11091026763086,False
2020-07-17,116.8590316366483,False
2020-07-18,116.8590316366483,False
2020-07-19,109.98497095213958,False
2020-07-20,116.8590316366483,False
2020-07-21,109.98497095213958,False
2020-07-22,103.11091026763086,False
2020-07-23,123.73309232115702,False
2020-07-24,116.8590316366483,False
2020-07-25,96.23684958312214,False
2020-07-26,144.3552743746832,False
2020-07-27,144.3552743746832,False
2020-07-28,158.10339574370064,False
2020-07-29,164.97745642820936,False
2020-07-30,137.48121369017446,False
2020-07-31,178.7255777972268,False
2020-08-01,206.2218205352617,False
2020-08-02,226.84400258878787,False
2020-08-03,199.347759850753,False
2020-08-04,151.22933505919192,False
2020-08-05,164.97745642820936,False
2020-08-06,171.85151711271808,False
2020-08-07,158.10339574370064,False
2020-08-08,144.3552743746832,False
2020-08-09,158.10339574370064,False
2020-08-10,137.48121369017446,False
2020-08-11,144.3552743746832,False
2020-08-12,130.60715300566574,False
2020-08-13,130.60715300566574,False
2020-08-14,137.48121369017446,False
2020-08-15,137.48121369017446,False
2020-08-16,158.10339574370064,False
2020-08-17,164.97745642820936,False
2020-08-18,164.97745642820936,False
2020-08-19,137.48121369017446,False
2020-08-20,137.48121369017446,False
2020-08-21,123.73309232115702,False
2020-08-22,116.8590316366483,False
2020-08-23,151.22933505919192,False
2020-08-24,116.8590316366483,False
2020-08-25,109.98497095213958,False
2020-08-26,137.48121369017446,False
2020-08-27,137.48121369017446,False
2020-08-28,116.8590316366483,False
2020-08-29,123.73309232115702,False
2020-08-30,123.73309232115702,False
2020-08-31,123.73309232115702,False
2020-09-01,123.73309232115702,False
2020-09-02,151.22933505919192,False
2020-09-03,130.60715300566574,False
2020-09-04,130.60715300566574,False
2020-09-05,130.60715300566574,False
2020-09-06,123.73309232115702,False
2020-09-07,103.11091026763086,False
2020-09-08,123.73309232115702,False
2020-09-09,109.98497095213958,False
2020-09-10,109.98497095213958,False
2020-09-11,137.48121369017446,False
2020-09-12,123.73309232115702,False
2020-09-13,123.73309232115702,False
2020-09-14,109.98497095213958,False
2020-09-15,116.8590316366483,False
2020-09-16,130.60715300566574,False
2020-09-17,123.73309232115702,False
2020-09-18,109.98497095213958,False
2020-09-19,109.98497095213958,False
2020-09-20,116.8590316366483,False
2020-09-21,103.11091026763086,False
2020-09-22,103.11091026763086,False
2020-09-23,103.11091026763086,False
2020-09-24,103.11091026763086,False
2020-09-25,109.98497095213958,False
2020-09-26,109.98497095213958,False
2020-09-27,116.8590316366483,False
2020-09-28,116.8590316366483,False
2020-09-29,103.11091026763086,False
2020-09-30,109.98497095213958,False
2020-10-01,109.98497095213958,False
2020-10-02,96.23684958312214,False
2020-10-03,103.11091026763086,False
2020-10-04,109.98497095213958,False
2020-10-05,103.11091026763086,False
2020-10-06,109.98497095213958,False
2020-10-07,96.23684958312214,False
2020-10-08,89.3627888986134,False
2020-10-09,109.98497095213958,False
2020-10-10,130.60715300566574,False
2020-10-11,109.98497095213958,False
2020-10-12,123.73309232115702,False
2020-10-13,116.8590316366483,False
2020-10-14,144.3552743746832,False
2020-10-15,109.98497095213958,False
2020-10-16,103.11091026763086,False
2020-10-17,103.11091026763086,False
2020-10-18,109.98497095213958,False
2020-10-19,103.11091026763086,False
2020-10-20,116.8590316366483,False
2020-10-21,116.8590316366483,False
2020-10-22,123.73309232115702,False
2020-10-23,96.23684958312214,False
2020-10-24,151.22933505919192,False
2020-10-25,116.8590316366483,False
2020-10-26,109.98497095213958,False
2020-10-27,123.73309232115702,False
2020-10-28,109.98497095213958,False
2020-10-29,96.23684958312214,False
2020-10-30,109.98497095213958,False
2020-10-31,116.8590316366483,False
2020-11-01,123.73309232115702,False
2020-11-02,116.8590316366483,False
2020-11-03,96.23684958312214,False
2020-11-04,96.23684958312214,False
2020-11-05,123.73309232115702,False
2020-11-06,123.73309232115702,False
2020-11-07,130.60715300566574,False
2020-11-08,144.3552743746832,False
2020-11-09,116.8590316366483,False
2020-11-10,103.11091026763086,False
2020-11-11,109.98497095213958,False
2020-11-12,116.8590316366483,False
2020-11-13,130.60715300566574,False
2020-11-14,130.60715300566574,False
2020-11-15,123.73309232115702,False
2020-11-16,109.98497095213958,False
2020-11-17,144.3552743746832,False
2020-11-18,171.85151711271808,False
2020-11-19,137.48121369017446,False
2020-11-20,158.10339574370064,False
2020-11-21,371.19927696347105,False
2020-11-22,357.4511555944536,False
2020-11-23,398.695519701506,False
2020-11-24,639.2876436593112,False
2020-11-25,343.70303422543617,False
2020-11-26,323.08085217191,False
2020-11-27,233.7180632732966,False
2020-11-28,226.84400258878787,False
2020-11-29,316.2067914874013,False
2020-11-30,254.34024532682278,False
2020-12-01,261.2143060113315,False
2020-12-02,206.2218205352617,False
2020-12-03,178.7255777972268,False
2020-12-04,206.2218205352617,False
2020-12-05,164.97745642820936,False
2020-12-06,185.59963848173552,False
2020-12-07,178.7255777972268,False
2020-12-08,185.59963848173552,False
2020-12-09,192.47369916624427,False
2020-12-10,158.10339574370064,False
2020-12-11,164.97745642820936,False
2020-12-12,226.84400258878787,False
2020-12-13,206.2218205352617,False
2020-12-14,178.7255777972268,False
2020-12-15,171.85151711271808,False
2020-12-16,247.46618464231403,False
2020-12-17,309.33273080289257,False
2020-12-18,226.84400258878787,False
2020-12-19,219.96994190427915,False
2020-12-20,206.2218205352617,False
2020-12-21,192.47369916624427,False
2020-12-22,323.08085217191,False
2020-12-23,687.4060684508723,False
2020-12-24,556.7989154452066,False
2020-12-25,430.85630361831466,False
2020-12-26,351.31360141185655,False
2020-12-27,351.31360141185655,False
2020-12-28,351.31360141185655,False
2020-12-29,662.8558517204841,False
2020-12-30,444.1134206527243,False
2020-12-31,338.05648437744685,False
2021-01-01,324.7993673430372,False
2021-01-02,377.8278354806759,False
2021-01-03,397.71351103229046,False
2021-01-04,364.57071844626626,False
